Date,US,US,Euro Area,Euro Area,Japan,Japan,UK,UK,US,Euro Area,Japan,UK,US,Euro Area,Japan,UK,US,Euro Area,Japan,UK,US,Euro Area,Japan,UK,US,Euro Area,Japan,UK,US,Euro Area,Japan,UK,US,US,Euro Area,Japan,UK
Date,Interest Rate,Inflation,Interest Rate,Inflation,Interest Rate,Inflation,Interest Rate,Value,Balance of Trade (BoT) $bn,Balance of Trade (BoT) $bn,Balance of Trade (BoT) $bn,Balance of Trade (BoT) $bn,BoT % growth MoM,BoT % growth MoM,BoT % growth MoM,BoT % growth MoM,BoT % growth YoY,BoT % growth YoY,BoT % growth YoY,BoT % growth YoY,GDP USD,GDP Euro,GDP Yen,GDP Pound,GDP % growth MoM,GDP % growth MoM,GDP % growth MoM,GDP % growth MoM,GDP % growth YoY,GDP % growth YoY,GDP % growth YoY,GDP % growth YoY,UNRATE,FD-GDP%,FD-GDP%,FD-GDP%,FD-GDP%
1999-01-01,4.63,73.180, 3.00 ,73.44,0.22526,98.1,6.25,71.4, (15.6), (2.5), 6.6 , (0.8),,,,,,,,," 13,316 "," 2,024,046 "," 467,365 "," 382,789 ",,,,,,,,,4.3,,,,
1999-02-01,4.76,73.155, 3.00 ,73.61,0.17632,97.7,6,71.5, (18.2), 1.8 , 8.2 , (0.8),16%,-171%,23%,-5%,,,,," 13,353 "," 2,027,348 "," 467,969 "," 383,393 ",0.28%,0.16%,0.13%,0.16%,,,,,4.4,,,,
1999-03-04,4.81,73.177, 3.00 ,73.85,0.04091,97.8,5.5,71.9, (17.5), 2.5 , 11.4 , (0.8),-4%,43%,40%,-1%,,,,," 13,390 "," 2,030,655 "," 468,574 "," 383,999 ",0.28%,0.16%,0.13%,0.16%,,,,,4.2,,,,
1999-04-04,4.74,73.365, 2.63 ,74.11,0.03143,98.3,5.5,72.2, (18.0), 1.9 , 9.1 , (0.6),3%,-23%,-20%,-21%,,,,," 13,427 "," 2,033,968 "," 469,180 "," 384,605 ",0.28%,0.16%,0.13%,0.16%,,,,,4.3,,,,
1999-05-05,4.74,73.435, 2.50 ,74.16,0.03,98.3,5.25,72.4, (20.4), (0.8), 7.2 , (0.4),14%,-142%,-21%,-41%,,,,," 13,486 "," 2,042,828 "," 470,012 "," 386,645 ",0.44%,0.44%,0.18%,0.53%,,,,,4.2,,,,
1999-06-05,4.76,73.474, 2.50 ,74.16,0.03,98,5.25,72.3, (23.0), 5.2 , 10.2 , (0.8),13%,-735%,41%,120%,,,,," 13,545 "," 2,051,727 "," 470,844 "," 388,696 ",0.44%,0.44%,0.18%,0.53%,,,,,4.3,,,,
1999-07-06,4.99,73.606, 2.50 ,74.26,0.03,97.6,5,71.9, (23.4), 9.0 , 10.9 , (0.6),2%,73%,7%,-22%,,,,," 13,605 "," 2,060,664 "," 471,678 "," 390,758 ",0.44%,0.44%,0.18%,0.53%,,,,,4.3,,,,
1999-08-06,5.07,73.642, 2.50 ,74.35,0.03,97.9,5,72.1, (22.9), 0.5 , 6.1 , (0.5),-2%,-94%,-44%,-18%,,,,," 13,679 "," 2,067,713 "," 471,727 "," 392,615 ",0.54%,0.34%,0.01%,0.48%,,,,,4.2,,,,
1999-09-06,5.22,73.837, 2.50 ,74.43,0.0325,98.2,5,72.4, (23.0), (0.9), 12.0 , (0.2),0%,-276%,97%,-54%,,,,," 13,753 "," 2,074,785 "," 471,776 "," 394,482 ",0.54%,0.34%,0.01%,0.48%,,,,,4.2,,,,
1999-10-07,5.2,73.963, 2.50 ,74.47,0.0245,98.4,5.25,72.3, (23.8), 3.2 , 10.3 , (0.4),3%,-449%,-15%,54%,,,,," 13,828 "," 2,081,882 "," 471,824 "," 396,357 ",0.54%,0.34%,0.01%,0.48%,,,,,4.1,,,,
1999-11-07,5.42,74.034, 2.93 ,74.57,0.0275,97.8,5.5,72.4, (24.8), 0.6 , 5.8 , (0.4),4%,-81%,-43%,4%,,,,," 13,845 "," 2,091,089 "," 474,525 "," 397,979 ",0.12%,0.44%,0.57%,0.41%,,,,,4.1,,,,
1999-12-08,5.3,74.128, 3.00 ,74.83,0.02429,97.5,5.5,72.6, (25.1), 0.2 , 9.8 , (0.3),1%,-61%,69%,-15%,,,,," 13,861 "," 2,100,336 "," 477,241 "," 399,607 ",0.12%,0.44%,0.57%,0.41%,,,,,4.0,,,,
2000-01-02,5.45,74.306, 3.00 ,74.86,0.02053,97.4,5.5,71.9, (26.5), (8.5), 4.8 , (0.6),6%,-3809%,-51%,96%,70%,242%,-27%,-25%," 13,878 "," 2,109,625 "," 479,972 "," 401,242 ",0.12%,0.44%,0.57%,0.41%,4.22%,4.23%,2.70%,4.82%,4.0,0.19%,-0.11%,-0.63%,0.12%
2000-02-02,5.73,74.415, 3.22 ,75.1,0.0345,97.1,5.75,72.2, (28.6), (0.0), 10.9 , (0.5),8%,-100%,127%,-14%,58%,-102%,34%,-32%," 13,962 "," 2,115,759 "," 480,685 "," 402,224 ",0.60%,0.29%,0.15%,0.24%,4.56%,4.36%,2.72%,4.91%,4.1,0.19%,-0.11%,-0.63%,0.12%
2000-03-04,5.85,74.568, 3.37 ,75.37,0.02136,97.3,6,72.3, (30.1), (0.7), 10.3 , (0.3),5%,2365%,-6%,-46%,72%,-127%,-10%,-63%," 14,046 "," 2,121,912 "," 481,399 "," 403,209 ",0.60%,0.29%,0.15%,0.24%,4.90%,4.49%,2.74%,5.00%,4.0,0.19%,-0.11%,-0.63%,0.12%
2000-04-04,6.02,74.617, 3.53 ,75.45,0.02,97.5,6,72.6, (28.7), (2.5), 10.6 , (0.6),-5%,281%,3%,118%,60%,-231%,16%,1%," 14,131 "," 2,128,083 "," 482,115 "," 404,196 ",0.60%,0.29%,0.15%,0.24%,5.24%,4.63%,2.76%,5.09%,3.8,0.19%,-0.11%,-0.63%,0.12%
2000-05-05,6.27,74.697, 3.75 ,75.54,0.021,97.6,6,72.8, (29.9), (3.9), 5.3 , (0.4),4%,55%,-50%,-32%,46%,381%,-26%,17%," 14,136 "," 2,132,724 "," 482,163 "," 405,060 ",0.03%,0.22%,0.01%,0.21%,4.82%,4.40%,2.59%,4.76%,4.0,0.19%,-0.11%,-0.63%,0.12%
2000-06-05,6.53,74.754, 4.12 ,75.8,0.02091,97.4,6,72.9, (30.9), (2.0), 11.0 , (0.3),3%,-49%,107%,-34%,34%,-138%,8%,-65%," 14,141 "," 2,137,375 "," 482,212 "," 405,927 ",0.03%,0.22%,0.01%,0.21%,4.40%,4.17%,2.41%,4.43%,4.0,0.19%,-0.11%,-0.63%,0.12%
2000-07-06,6.54,74.925, 4.25 ,75.87,0.021,97.1,6,72.5, (31.9), 1.8 , 9.3 , (1.3),3%,-190%,-16%,379%,36%,-80%,-15%,118%," 14,145 "," 2,142,037 "," 482,261 "," 406,795 ",0.03%,0.22%,0.01%,0.21%,3.97%,3.95%,2.24%,4.10%,4.0,0.19%,-0.11%,-0.63%,0.12%
2000-08-06,6.5,75.021, 4.25 ,75.93,0.15522,97.4,6,72.5, (30.6), (4.0), 5.6 , (0.6),-4%,-322%,-39%,-56%,33%,-873%,-8%,17%," 14,173 "," 2,145,445 "," 483,808 "," 407,665 ",0.20%,0.16%,0.32%,0.21%,3.62%,3.76%,2.56%,3.83%,4.1,0.19%,-0.11%,-0.63%,0.12%
2000-09-06,6.52,75.203, 4.50 ,76.26,0.2495,97.3,6,73.1, (33.9), (4.1), 12.0 , (0.8),11%,2%,113%,40%,47%,349%,0%,253%," 14,202 "," 2,148,859 "," 485,360 "," 408,537 ",0.20%,0.16%,0.32%,0.21%,3.26%,3.57%,2.88%,3.56%,3.9,0.19%,-0.11%,-0.63%,0.12%
2000-10-07,6.51,75.308, 4.71 ,76.3,0.24762,97.3,6,73.1, (34.0), (2.6), 6.4 , (0.9),0%,-35%,-47%,14%,43%,-183%,-38%,160%," 14,230 "," 2,152,278 "," 486,917 "," 409,411 ",0.20%,0.16%,0.32%,0.21%,2.91%,3.38%,3.20%,3.29%,3.9,0.19%,-0.11%,-0.63%,0.12%
2000-11-07,6.51,75.441, 4.75 ,76.46,0.2475,97,6,73.2, (32.2), (4.0), 5.5 , (1.3),-5%,52%,-14%,34%,30%,-775%,-5%,235%," 14,214 "," 2,160,179 "," 488,123 "," 410,622 ",-0.11%,0.37%,0.25%,0.30%,2.67%,3.30%,2.87%,3.18%,3.9,0.19%,-0.11%,-0.63%,0.12%
2000-12-08,6.4,75.515, 4.75 ,76.75,0.24143,97.1,6,73.2, (32.3), (3.7), 7.6 , (1.0),0%,-8%,37%,-18%,28%,-1702%,-23%,223%," 14,199 "," 2,168,110 "," 489,331 "," 411,836 ",-0.11%,0.37%,0.25%,0.30%,2.43%,3.23%,2.53%,3.06%,3.9,0.19%,-0.11%,-0.63%,0.12%
2001-01-02,5.98,75.796, 4.75 ,76.43,0.24895,97.1,6,72.6, (35.2), (8.3), (0.8), (0.5),9%,127%,-111%,-49%,33%,-2%,-117%,-16%," 14,183 "," 2,176,070 "," 490,543 "," 413,054 ",-0.11%,0.37%,0.25%,0.30%,2.20%,3.15%,2.20%,2.94%,4.2,0.10%,-0.17%,-0.53%,-0.04%
2001-02-02,5.49,75.930, 4.75 ,76.66,0.24842,96.8,6,72.7, (29.3), 0.0 , 7.2 , (0.5),-17%,-100%,-989%,-10%,2%,-164%,-34%,-11%," 14,213 "," 2,176,468 "," 489,308 "," 413,661 ",0.21%,0.02%,-0.25%,0.15%,1.80%,2.87%,1.79%,2.84%,4.2,0.10%,-0.17%,-0.53%,-0.04%
2001-03-05,5.31,76.009, 4.75 ,77.07,0.10667,96.7,5.75,73, (32.8), 2.2 , 7.5 , (0.9),12%,12432%,4%,81%,9%,-423%,-27%,199%," 14,242 "," 2,176,866 "," 488,077 "," 414,269 ",0.21%,0.02%,-0.25%,0.15%,1.40%,2.59%,1.39%,2.74%,4.3,0.10%,-0.17%,-0.53%,-0.04%
2001-04-05,4.8,76.130, 4.75 ,77.54,0.02,96.8,5.5,73.4, (30.5), (1.3), 5.4 , (1.1),-7%,-162%,-27%,25%,6%,-48%,-49%,72%," 14,272 "," 2,177,264 "," 486,849 "," 414,878 ",0.21%,0.02%,-0.25%,0.15%,1.00%,2.31%,0.98%,2.64%,4.4,0.10%,-0.17%,-0.53%,-0.04%
2001-05-06,4.21,76.148, 4.58 ,77.9,0.01857,96.9,5.5,74, (27.1), 0.6 , 0.6 , (1.3),-11%,-144%,-89%,19%,-9%,-115%,-88%,200%," 14,253 "," 2,178,687 "," 485,092 "," 415,612 ",-0.13%,0.07%,-0.36%,0.18%,0.83%,2.16%,0.61%,2.61%,4.3,0.10%,-0.17%,-0.53%,-0.04%
2001-06-06,3.97,76.318, 4.50 ,78.02,0.01762,96.7,5.25,74.1, (29.2), 4.3 , 6.2 , (1.6),8%,625%,899%,26%,-6%,-312%,-43%,470%," 14,234 "," 2,180,111 "," 483,342 "," 416,348 ",-0.13%,0.07%,-0.36%,0.18%,0.66%,2.00%,0.23%,2.57%,4.5,0.10%,-0.17%,-0.53%,-0.04%
2001-07-07,3.77,76.515, 4.50 ,77.84,0.01286,96.4,5.25,73.6, (29.9), 8.2 , 3.4 , (1.3),3%,93%,-45%,-16%,-6%,356%,-63%,0%," 14,215 "," 2,181,537 "," 481,598 "," 417,085 ",-0.13%,0.07%,-0.36%,0.18%,0.49%,1.84%,-0.14%,2.53%,4.6,0.10%,-0.17%,-0.53%,-0.04%
2001-08-07,3.65,76.553, 4.49 ,77.78,0.01,96.7,5,73.9, (28.1), 4.6 , 2.5 , (1.7),-6%,-44%,-26%,28%,-8%,-215%,-55%,192%," 14,228 "," 2,181,198 "," 481,027 "," 417,538 ",0.09%,-0.02%,-0.12%,0.11%,0.38%,1.67%,-0.57%,2.42%,4.9,0.10%,-0.17%,-0.53%,-0.04%
2001-09-07,3.07,76.118, 4.03 ,77.99,0.00505,96.6,5,74.1, (30.2), 3.8 , 8.6 , (1.1),8%,-18%,236%,-35%,-11%,-193%,-29%,35%," 14,241 "," 2,180,859 "," 480,457 "," 417,991 ",0.09%,-0.02%,-0.12%,0.11%,0.27%,1.49%,-1.01%,2.31%,5.0,0.10%,-0.17%,-0.53%,-0.04%
2001-10-08,2.49,76.654, 3.75 ,78.06,0.00314,96.6,4.5,73.9, (30.6), 9.7 , 3.8 , (1.1),1%,156%,-56%,0%,-10%,-469%,-41%,19%," 14,254 "," 2,180,521 "," 479,888 "," 418,445 ",0.09%,-0.02%,-0.12%,0.11%,0.17%,1.31%,-1.44%,2.21%,5.3,0.10%,-0.17%,-0.53%,-0.04%
2001-11-08,2.09,76.810, 3.38 ,78.01,0.00243,96.1,4,73.8, (30.0), 5.7 , 4.0 , (1.2),-2%,-41%,7%,4%,-7%,-243%,-27%,-7%," 14,293 "," 2,181,947 "," 480,171 "," 418,808 ",0.28%,0.07%,0.06%,0.09%,0.56%,1.01%,-1.63%,1.99%,5.5,0.10%,-0.17%,-0.53%,-0.04%
2001-12-09,1.82,76.828, 2.83 ,78.36,0.00184,96,4,74, (27.5), 7.5 , 5.4 , (1.5),-8%,31%,34%,27%,-15%,-304%,-28%,45%," 14,333 "," 2,183,373 "," 480,454 "," 419,171 ",0.28%,0.07%,0.06%,0.09%,0.95%,0.70%,-1.81%,1.78%,5.7,0.10%,-0.17%,-0.53%,-0.04%
2002-01-03,1.73,76.871, 2.75 ,78.45,0.00111,95.8,4,73.7, (29.7), (0.6), 1.4 , (1.0),8%,-107%,-75%,-36%,-16%,-93%,-267%,83%," 14,373 "," 2,184,801 "," 480,738 "," 419,534 ",0.28%,0.07%,0.06%,0.09%,1.34%,0.40%,-2.00%,1.57%,5.7,-0.13%,-0.23%,-0.67%,-0.24%
2002-02-03,1.74,77.018, 2.75 ,78.58,0.001,95.3,4,73.8, (32.5), 5.5 , 6.2 , (1.5),10%,-1089%,357%,60%,11%,31760%,-14%,224%," 14,402 "," 2,188,401 "," 482,015 "," 420,217 ",0.20%,0.16%,0.27%,0.16%,1.33%,0.55%,-1.49%,1.58%,5.7,-0.13%,-0.23%,-0.67%,-0.24%
2002-03-06,1.73,77.110, 2.54 ,79.02,0.00205,95.5,4,74.1, (31.2), 9.0 , 10.0 , (1.6),-4%,65%,62%,2%,-5%,319%,34%,83%," 14,431 "," 2,192,008 "," 483,295 "," 420,902 ",0.20%,0.16%,0.27%,0.16%,1.33%,0.70%,-0.98%,1.60%,5.7,-0.13%,-0.23%,-0.67%,-0.24%
2002-04-06,1.75,77.325, 2.50 ,79.38,0.00148,95.8,4,74.4, (34.0), 2.5 , 6.6 , (1.8),9%,-72%,-34%,16%,11%,-292%,21%,70%," 14,461 "," 2,195,620 "," 484,578 "," 421,587 ",0.20%,0.16%,0.27%,0.16%,1.33%,0.84%,-0.47%,1.62%,5.9,-0.13%,-0.23%,-0.67%,-0.24%
2002-05-07,1.75,77.411, 2.50 ,79.52,0.00138,96.1,4,74.6, (34.0), 7.0 , 4.9 , (1.2),0%,174%,-25%,-32%,26%,1090%,687%,-3%," 14,480 "," 2,198,830 "," 485,112 "," 422,531 ",0.14%,0.15%,0.11%,0.22%,1.60%,0.92%,0.00%,1.66%,5.8,-0.13%,-0.23%,-0.67%,-0.24%
2002-06-07,1.75,77.534, 2.50 ,79.49,0.0014,96,4,74.6, (34.7), 9.3 , 9.7 , (1.6),2%,33%,98%,34%,19%,119%,56%,3%," 14,500 "," 2,202,045 "," 485,646 "," 423,477 ",0.14%,0.15%,0.11%,0.22%,1.87%,1.01%,0.48%,1.71%,5.8,-0.13%,-0.23%,-0.67%,-0.24%
2002-07-08,1.73,77.692, 2.50 ,79.41,0.00178,95.6,4,74.4, (33.9), 13.2 , 5.9 , (1.5),-2%,42%,-39%,-11%,13%,61%,73%,9%," 14,520 "," 2,205,265 "," 486,181 "," 424,425 ",0.14%,0.15%,0.11%,0.22%,2.15%,1.09%,0.95%,1.76%,5.8,-0.13%,-0.23%,-0.67%,-0.24%
2002-08-08,1.74,77.845, 2.50 ,79.46,0.00186,95.9,4,74.6, (36.4), 7.4 , 5.1 , (1.3),7%,-44%,-14%,-8%,30%,61%,100%,-22%," 14,526 "," 2,206,646 "," 486,618 "," 425,522 ",0.04%,0.06%,0.09%,0.26%,2.10%,1.17%,1.16%,1.91%,5.7,-0.13%,-0.23%,-0.67%,-0.24%
2002-09-08,1.75,77.972, 2.50 ,79.66,0.00526,95.9,4,74.8, (36.1), 7.7 , 8.4 , (1.3),-1%,5%,64%,0%,19%,105%,-2%,20%," 14,532 "," 2,208,027 "," 487,056 "," 426,622 ",0.04%,0.06%,0.09%,0.26%,2.04%,1.25%,1.37%,2.06%,5.7,-0.13%,-0.23%,-0.67%,-0.24%
2002-10-09,1.75,78.038, 2.50 ,79.85,0.00191,95.7,4,74.9, (35.1), 8.0 , 7.1 , (2.0),-3%,4%,-15%,46%,15%,-17%,87%,75%," 14,538 "," 2,209,410 "," 487,494 "," 427,725 ",0.04%,0.06%,0.09%,0.26%,1.99%,1.32%,1.58%,2.22%,5.7,-0.13%,-0.23%,-0.67%,-0.24%
2002-11-09,1.34,78.114, 2.50 ,79.79,0.00195,95.7,4,74.9, (39.5), 7.4 , 7.1 , (2.4),13%,-8%,0%,23%,32%,29%,75%,106%," 14,563 "," 2,207,574 "," 487,595 "," 428,758 ",0.18%,-0.08%,0.02%,0.24%,1.89%,1.17%,1.55%,2.38%,5.9,-0.13%,-0.23%,-0.67%,-0.24%
2002-12-10,1.24,78.187, 2.50 ,80.17,0.00195,95.7,4,75.2, (43.6), 5.1 , 6.3 , (1.5),10%,-31%,-11%,-38%,59%,-31%,17%,1%," 14,589 "," 2,205,739 "," 487,697 "," 429,794 ",0.18%,-0.08%,0.02%,0.24%,1.78%,1.02%,1.51%,2.53%,6.0,-0.13%,-0.23%,-0.67%,-0.24%
2003-01-04,1.24,78.240, 2.50 ,80.14,0.002,95.4,4,74.7, (41.2), (0.2), 0.8 , (1.0),-6%,-104%,-87%,-34%,39%,-60%,-39%,3%," 14,614 "," 2,203,906 "," 487,799 "," 430,832 ",0.18%,-0.08%,0.02%,0.24%,1.68%,0.87%,1.47%,2.69%,5.8,-0.28%,-0.26%,-0.64%,-0.29%
2003-02-04,1.26,78.348, 2.50 ,80.46,0.001,95.1,4,75, (40.1), 2.7 , 8.0 , (1.0),-3%,-1354%,865%,0%,23%,-50%,29%,-35%," 14,657 "," 2,204,018 "," 488,899 "," 432,163 ",0.29%,0.01%,0.23%,0.31%,1.77%,0.71%,1.43%,2.84%,5.9,-0.28%,-0.26%,-0.64%,-0.29%
2003-03-07,1.25,78.474, 2.50 ,80.93,0.002,95.4,3.75,75.3, (43.8), 1.0 , 8.3 , (1.5),9%,-64%,4%,55%,41%,-89%,-18%,-2%," 14,700 "," 2,204,130 "," 490,002 "," 433,498 ",0.29%,0.01%,0.23%,0.31%,1.86%,0.55%,1.39%,2.99%,5.9,-0.28%,-0.26%,-0.64%,-0.29%
2003-04-07,1.26,78.561, 2.50 ,81.05,0.001,95.7,3.75,75.5, (42.0), 0.5 , 7.1 , (0.5),-4%,-48%,-14%,-66%,24%,-80%,8%,-71%," 14,744 "," 2,204,241 "," 491,107 "," 434,837 ",0.29%,0.01%,0.23%,0.31%,1.96%,0.39%,1.35%,3.14%,6.0,-0.28%,-0.26%,-0.64%,-0.29%
2003-05-08,1.26,78.674, 2.50 ,81,0.001,95.9,3.75,75.5, (41.0), 2.1 , 5.9 , (1.4),-2%,313%,-17%,174%,21%,-70%,21%,16%," 14,825 "," 2,208,802 "," 491,614 "," 436,124 ",0.55%,0.21%,0.10%,0.30%,2.38%,0.45%,1.34%,3.22%,6.1,-0.28%,-0.26%,-0.64%,-0.29%
2003-06-08,1.22,78.718, 2.08 ,81.1,0.001,95.6,3.75,75.4, (39.7), 4.6 , 7.2 , (1.9),-3%,117%,22%,34%,14%,-51%,-26%,16%," 14,907 "," 2,213,373 "," 492,123 "," 437,415 ",0.55%,0.21%,0.10%,0.30%,2.80%,0.51%,1.33%,3.29%,6.3,-0.28%,-0.26%,-0.64%,-0.29%
2003-07-09,1.01,78.915, 2.00 ,80.98,0.002,95.4,3.75,75.3, (41.3), 10.0 , 6.8 , (1.1),4%,117%,-6%,-41%,22%,-24%,15%,-23%," 14,989 "," 2,217,953 "," 492,631 "," 438,710 ",0.55%,0.21%,0.10%,0.30%,3.23%,0.58%,1.33%,3.37%,6.2,-0.28%,-0.26%,-0.64%,-0.29%
2003-08-09,1.03,79.004, 2.00 ,81.1,0.001,95.6,3.5,75.6, (39.9), 4.8 , 6.7 , (1.2),-3%,-52%,-1%,2%,10%,-35%,32%,-15%," 15,047 "," 2,222,574 "," 494,408 "," 439,861 ",0.39%,0.21%,0.36%,0.26%,3.59%,0.72%,1.60%,3.37%,6.1,-0.28%,-0.26%,-0.64%,-0.29%
2003-09-09,1.01,79.114, 2.00 ,81.39,0.002,95.7,3.5,75.9, (41.8), 5.6 , 9.5 , (2.1),5%,19%,41%,79%,16%,-27%,13%,54%," 15,105 "," 2,227,204 "," 496,191 "," 441,015 ",0.39%,0.21%,0.36%,0.26%,3.94%,0.87%,1.88%,3.37%,6.1,-0.28%,-0.26%,-0.64%,-0.29%
2003-10-10,1.01,79.260, 2.00 ,81.51,0.001,95.7,3.5,76, (41.4), 6.8 , 9.2 , (1.5),-1%,21%,-3%,-26%,18%,-15%,30%,-22%," 15,163 "," 2,231,844 "," 497,980 "," 442,172 ",0.39%,0.21%,0.36%,0.26%,4.30%,1.02%,2.15%,3.38%,6.0,-0.28%,-0.26%,-0.64%,-0.29%
2003-11-10,1,79.368, 2.00 ,81.54,0.001,95.2,3.75,75.9, (39.9), 3.0 , 8.5 , (1.6),-4%,-56%,-7%,8%,1%,-59%,20%,-32%," 15,191 "," 2,236,131 "," 499,231 "," 442,732 ",0.19%,0.19%,0.25%,0.13%,4.31%,1.29%,2.39%,3.26%,5.8,-0.28%,-0.26%,-0.64%,-0.29%
2003-12-11,0.98,79.467, 2.00 ,81.79,0.001,95.3,3.75,76.2, (44.1), 5.6 , 10.4 , (4.4),10%,88%,22%,169%,1%,10%,64%,196%," 15,220 "," 2,240,427 "," 500,486 "," 443,292 ",0.19%,0.19%,0.25%,0.13%,4.33%,1.57%,2.62%,3.14%,5.7,-0.28%,-0.26%,-0.64%,-0.29%
2004-01-05,1,79.671, 2.00 ,81.61,0,95.1,3.75,75.8, (44.6), 0.2 , 4.6 , (5.5),1%,-96%,-56%,25%,8%,-196%,453%,459%," 15,249 "," 2,244,731 "," 501,743 "," 443,853 ",0.19%,0.19%,0.25%,0.13%,4.34%,1.85%,2.86%,3.02%,5.7,-0.28%,-0.24%,-0.48%,-0.33%
2004-02-05,1.01,79.800, 2.00 ,81.8,0.001,95.1,4,76, (44.6), 6.8 , 13.1 , (4.0),0%,3125%,186%,-28%,11%,147%,64%,303%," 15,288 "," 2,249,197 "," 501,714 "," 444,715 ",0.26%,0.20%,-0.01%,0.19%,4.30%,2.05%,2.62%,2.90%,5.6,-0.28%,-0.24%,-0.48%,-0.33%
2004-03-07,1,79.934, 2.00 ,82.32,0.001,95.3,4,76.1, (46.8), 10.1 , 10.3 , (3.9),5%,50%,-21%,-3%,7%,924%,24%,154%," 15,327 "," 2,253,672 "," 501,686 "," 445,578 ",0.26%,0.20%,-0.01%,0.19%,4.27%,2.25%,2.38%,2.79%,5.8,-0.28%,-0.24%,-0.48%,-0.33%
2004-04-07,1,80.142, 2.00 ,82.74,0,95.3,4,76.4, (47.3), 5.6 , 10.0 , (3.9),1%,-44%,-3%,1%,12%,996%,39%,655%," 15,367 "," 2,258,156 "," 501,657 "," 446,443 ",0.26%,0.20%,-0.01%,0.19%,4.23%,2.45%,2.15%,2.67%,5.6,-0.28%,-0.24%,-0.48%,-0.33%
2004-05-08,1,80.252, 2.00 ,83.01,0.001,95.4,4.25,76.6, (47.6), 6.8 , 8.4 , (4.8),1%,20%,-16%,22%,16%,218%,41%,237%," 15,415 "," 2,259,910 "," 502,697 "," 447,018 ",0.32%,0.08%,0.21%,0.13%,3.98%,2.31%,2.25%,2.50%,5.6,-0.28%,-0.24%,-0.48%,-0.33%
2004-06-08,1.03,80.379, 2.00 ,83.05,0.001,95.6,4.25,76.6, (54.2), 7.8 , 10.4 , (5.6),14%,16%,25%,17%,36%,70%,44%,194%," 15,464 "," 2,261,665 "," 503,739 "," 447,594 ",0.32%,0.08%,0.21%,0.13%,3.74%,2.18%,2.36%,2.33%,5.6,-0.28%,-0.24%,-0.48%,-0.33%
2004-07-09,1.26,80.474, 2.00 ,82.88,0,95.3,4.5,76.4, (51.6), 14.2 , 10.3 , (5.1),-5%,82%,-1%,-8%,25%,42%,52%,354%," 15,513 "," 2,263,421 "," 504,783 "," 448,171 ",0.32%,0.08%,0.21%,0.13%,3.49%,2.05%,2.47%,2.16%,5.5,-0.28%,-0.24%,-0.48%,-0.33%
2004-08-09,1.43,80.505, 2.00 ,83.04,0.001,95.4,4.75,76.6, (53.6), 1.0 , 5.2 , (5.6),4%,-93%,-50%,9%,34%,-80%,-23%,387%," 15,565 "," 2,266,525 "," 504,468 "," 448,934 ",0.34%,0.14%,-0.06%,0.17%,3.45%,1.98%,2.03%,2.06%,5.4,-0.28%,-0.24%,-0.48%,-0.33%
2004-09-09,1.61,80.656, 2.00 ,83.14,0.001,95.7,4.75,76.7, (51.7), 1.0 , 11.0 , (4.4),-4%,3%,112%,-21%,24%,-82%,16%,116%," 15,618 "," 2,269,633 "," 504,153 "," 449,698 ",0.34%,0.14%,-0.06%,0.17%,3.40%,1.91%,1.60%,1.97%,5.4,-0.28%,-0.24%,-0.48%,-0.33%
2004-10-10,1.76,80.831, 2.00 ,83.46,0.001,96.2,4.75,76.9, (55.1), 4.0 , 10.5 , (5.1),7%,309%,-4%,14%,33%,-40%,14%,235%," 15,671 "," 2,272,745 "," 503,837 "," 450,464 ",0.34%,0.14%,-0.06%,0.17%,3.35%,1.83%,1.18%,1.88%,5.5,-0.28%,-0.24%,-0.48%,-0.33%
2004-11-10,1.93,81.005, 2.00 ,83.4,0.001,96,4.75,77, (59.0), 1.0 , 5.7 , (3.9),7%,-76%,-46%,-23%,48%,-68%,-33%,140%," 15,729 "," 2,274,767 "," 504,684 "," 451,568 ",0.37%,0.09%,0.17%,0.25%,3.54%,1.73%,1.09%,2.00%,5.4,-0.28%,-0.24%,-0.48%,-0.33%
2004-12-11,2.16,81.109, 2.00 ,83.72,0.001,95.5,4.75,77.4, (54.9), 5.3 , 10.9 , (3.9),-7%,450%,91%,0%,25%,-6%,5%,-11%," 15,787 "," 2,276,791 "," 505,531 "," 452,675 ",0.37%,0.09%,0.17%,0.25%,3.72%,1.62%,1.01%,2.12%,5.4,-0.28%,-0.24%,-0.48%,-0.33%
2005-01-05,2.28,81.401, 2.00 ,83.2,0.001,95.3,4.75,77, (56.2), (4.5), 1.8 , (5.3),2%,-186%,-83%,35%,26%,-2261%,-60%,-4%," 15,845 "," 2,278,817 "," 506,381 "," 453,784 ",0.37%,0.09%,0.17%,0.25%,3.91%,1.52%,0.92%,2.24%,5.3,-0.21%,-0.22%,-0.38%,-0.28%
2005-02-05,2.5,81.536, 2.00 ,83.5,0.001,95,4.75,77.2, (58.1), 2.2 , 10.3 , (4.7),3%,-148%,465%,-12%,30%,-68%,-22%,17%," 15,871 "," 2,283,622 "," 507,684 "," 455,038 ",0.16%,0.21%,0.26%,0.28%,3.81%,1.53%,1.19%,2.32%,5.4,-0.21%,-0.22%,-0.38%,-0.28%
2005-03-08,2.63,81.737, 2.00 ,84.12,0.002,95.3,4.75,77.5, (53.1), 2.5 , 10.5 , (5.3),-9%,13%,2%,13%,14%,-76%,2%,36%," 15,897 "," 2,288,438 "," 508,991 "," 456,296 ",0.16%,0.21%,0.26%,0.28%,3.71%,1.54%,1.46%,2.41%,5.2,-0.21%,-0.22%,-0.38%,-0.28%
2005-04-08,2.79,81.831, 2.00 ,84.47,0.001,95.4,4.75,77.8, (57.3), (1.6), 8.8 , (5.1),8%,-164%,-16%,-3%,21%,-128%,-11%,31%," 15,923 "," 2,293,263 "," 510,301 "," 457,557 ",0.16%,0.21%,0.26%,0.28%,3.62%,1.55%,1.72%,2.49%,5.2,-0.21%,-0.22%,-0.38%,-0.28%
2005-05-09,3,81.999, 2.00 ,84.66,0.001,95.5,4.75,78.1, (56.1), (0.1), 2.7 , (4.3),-2%,-95%,-70%,-17%,18%,-101%,-68%,-11%," 15,964 "," 2,299,088 "," 512,029 "," 458,747 ",0.26%,0.25%,0.34%,0.26%,3.56%,1.73%,1.86%,2.62%,5.1,-0.21%,-0.22%,-0.38%,-0.28%
2005-06-09,3.04,82.056, 2.00 ,84.75,0.001,95.1,4.75,78.1, (58.2), 5.1 , 7.9 , (3.3),4%,-7166%,196%,-23%,7%,-35%,-24%,-42%," 16,006 "," 2,304,927 "," 513,763 "," 459,939 ",0.26%,0.25%,0.34%,0.26%,3.50%,1.91%,1.99%,2.76%,5.0,-0.21%,-0.22%,-0.38%,-0.28%
2005-07-10,3.26,82.176, 2.00 ,84.66,0.001,95,4.75,78.2, (58.3), 5.2 , 7.7 , (4.5),0%,3%,-2%,37%,13%,-63%,-25%,-13%," 16,048 "," 2,310,781 "," 515,503 "," 461,135 ",0.26%,0.25%,0.34%,0.26%,3.45%,2.09%,2.12%,2.89%,5.0,-0.21%,-0.22%,-0.38%,-0.28%
2005-08-10,3.5,82.243, 2.00 ,84.86,0.001,95.1,4.5,78.4, (58.7), 5.5 , 0.9 , (5.4),1%,4%,-88%,21%,10%,468%,-82%,-3%," 16,077 "," 2,315,906 "," 515,820 "," 462,569 ",0.18%,0.22%,0.06%,0.31%,3.29%,2.18%,2.25%,3.04%,4.9,-0.21%,-0.22%,-0.38%,-0.28%
2005-09-10,3.62,82.425, 2.00 ,85.3,0.001,95.4,4.5,78.6, (64.9), (1.3), 8.5 , (4.0),10%,-124%,821%,-26%,26%,-230%,-22%,-10%," 16,107 "," 2,321,043 "," 516,137 "," 464,008 ",0.18%,0.22%,0.06%,0.31%,3.13%,2.27%,2.38%,3.18%,5.0,-0.21%,-0.22%,-0.38%,-0.28%
2005-10-11,3.78,82.662, 2.00 ,85.52,0.001,95.4,4.5,78.7, (67.3), (2.9), 7.1 , (3.3),4%,125%,-17%,-17%,22%,-172%,-32%,-35%," 16,137 "," 2,326,190 "," 516,454 "," 465,451 ",0.18%,0.22%,0.06%,0.31%,2.97%,2.35%,2.50%,3.33%,5.0,-0.21%,-0.22%,-0.38%,-0.28%
2005-11-11,4,82.873, 2.00 ,85.33,0.001,95,4.5,78.7, (63.9), (5.5), 5.0 , (4.6),-5%,90%,-30%,37%,8%,-670%,-12%,16%," 16,209 "," 2,333,451 "," 516,707 "," 466,246 ",0.45%,0.31%,0.05%,0.17%,3.05%,2.58%,2.38%,3.25%,5.0,-0.21%,-0.22%,-0.38%,-0.28%
2005-12-12,4.16,82.959, 2.21 ,85.62,0.001,95.1,4.5,78.9, (64.6), (4.6), 7.7 , (4.8),1%,-17%,53%,4%,18%,-186%,-30%,21%," 16,281 "," 2,340,733 "," 516,959 "," 467,042 ",0.45%,0.31%,0.05%,0.17%,3.13%,2.81%,2.26%,3.17%,4.9,-0.21%,-0.22%,-0.38%,-0.28%
2006-01-06,4.29,83.145, 2.25 ,85.24,0.001,95.2,4.5,78.5, (67.0), (14.3), (3.4), (6.1),4%,213%,-145%,28%,19%,215%,-287%,15%," 16,354 "," 2,348,039 "," 517,212 "," 467,840 ",0.45%,0.31%,0.05%,0.17%,3.21%,3.04%,2.14%,3.10%,4.7,-0.15%,-0.13%,-0.26%,-0.23%
2006-02-06,4.49,83.279, 2.25 ,85.48,0.001,94.9,4.5,78.8, (62.3), (6.2), 7.7 , (5.4),-7%,-57%,-326%,-12%,7%,-384%,-25%,16%," 16,368 "," 2,356,554 "," 517,465 "," 468,444 ",0.09%,0.36%,0.05%,0.13%,3.13%,3.19%,1.93%,2.95%,4.8,-0.15%,-0.13%,-0.26%,-0.23%
2006-03-09,4.59,83.509, 2.44 ,85.98,0.002,95.1,4.5,78.9, (62.4), (2.7), 8.0 , (3.6),0%,-56%,4%,-34%,17%,-211%,-24%,-32%," 16,382 "," 2,365,100 "," 517,719 "," 469,049 ",0.09%,0.36%,0.05%,0.13%,3.05%,3.35%,1.71%,2.79%,4.7,-0.15%,-0.13%,-0.26%,-0.23%
2006-04-09,4.79,83.764, 2.50 ,86.55,0.002,95.3,4.5,79.4, (62.6), (7.1), 5.2 , (4.2),0%,159%,-35%,16%,9%,349%,-41%,-19%," 16,396 "," 2,373,677 "," 517,973 "," 469,655 ",0.09%,0.36%,0.05%,0.13%,2.97%,3.51%,1.50%,2.64%,4.7,-0.15%,-0.13%,-0.26%,-0.23%
2006-05-10,4.94,83.974, 2.50 ,86.79,0.02,95.6,4.5,79.9, (64.8), (9.7), 3.2 , (5.8),4%,36%,-39%,39%,16%,13302%,19%,36%," 16,404 "," 2,378,218 "," 517,647 "," 470,076 ",0.05%,0.19%,-0.06%,0.09%,2.76%,3.44%,1.10%,2.47%,4.6,-0.15%,-0.13%,-0.26%,-0.23%
2006-06-10,4.99,84.186, 2.63 ,86.85,0.036,95.6,4.5,80.1, (63.8), (3.1), 7.0 , (3.8),-2%,-68%,119%,-35%,10%,-160%,-12%,15%," 16,413 "," 2,382,766 "," 517,321 "," 470,497 ",0.05%,0.19%,-0.06%,0.09%,2.54%,3.38%,0.69%,2.30%,4.6,-0.15%,-0.13%,-0.26%,-0.23%
2006-07-11,5.24,84.268, 2.75 ,86.75,0.155,95.3,4.5,80, (66.9), (2.3), 7.4 , (4.1),5%,-24%,5%,8%,15%,-145%,-4%,-9%," 16,421 "," 2,387,324 "," 516,996 "," 470,918 ",0.05%,0.19%,-0.06%,0.09%,2.33%,3.31%,0.29%,2.12%,4.7,-0.15%,-0.13%,-0.26%,-0.23%
2006-08-11,5.25,84.440, 2.94 ,86.83,0.25,96,4.75,80.4, (68.3), (10.1), 1.7 , (4.2),2%,331%,-78%,3%,16%,-284%,78%,-23%," 16,468 "," 2,396,372 "," 519,330 "," 471,735 ",0.29%,0.38%,0.45%,0.17%,2.43%,3.47%,0.68%,1.98%,4.7,-0.15%,-0.13%,-0.26%,-0.23%
2006-09-11,5.25,84.573, 3.00 ,86.83,0.261,96,4.75,80.5, (65.1), (1.0), 8.6 , (3.0),-5%,-90%,421%,-27%,0%,-19%,1%,-24%," 16,515 "," 2,405,454 "," 521,675 "," 472,553 ",0.29%,0.38%,0.45%,0.17%,2.53%,3.64%,1.07%,1.84%,4.5,-0.15%,-0.13%,-0.26%,-0.23%
2006-10-12,5.25,84.726, 3.17 ,86.9,0.254,95.8,4.75,80.6, (59.5), 0.1 , 5.2 , (2.8),-9%,-111%,-40%,-7%,-11%,-104%,-27%,-15%," 16,562 "," 2,414,570 "," 524,030 "," 473,372 ",0.29%,0.38%,0.45%,0.17%,2.63%,3.80%,1.47%,1.70%,4.4,-0.15%,-0.13%,-0.26%,-0.23%
2006-11-12,5.25,84.766, 3.25 ,86.94,0.257,95.3,5,80.8, (58.9), 2.9 , 7.7 , (3.7),-1%,2365%,50%,31%,-8%,-153%,54%,-19%," 16,578 "," 2,420,080 "," 525,153 "," 474,851 ",0.10%,0.23%,0.21%,0.31%,2.28%,3.71%,1.63%,1.85%,4.5,-0.15%,-0.13%,-0.26%,-0.23%
2006-12-13,5.24,84.880, 3.40 ,87.27,0.255,95.4,5,81.3, (61.9), (0.4), 9.5 , (4.4),5%,-113%,22%,20%,-4%,-92%,23%,-7%," 16,595 "," 2,425,603 "," 526,277 "," 476,335 ",0.10%,0.23%,0.21%,0.31%,1.93%,3.63%,1.80%,1.99%,4.4,-0.15%,-0.13%,-0.26%,-0.23%
2007-01-07,5.25,85.224, 3.50 ,86.83,0.267,95.2,5,80.6, (58.0), (12.9), 14.9 , (4.3),-6%,3327%,58%,-2%,-13%,-9%,-537%,-29%," 16,612 "," 2,431,138 "," 527,404 "," 477,823 ",0.10%,0.23%,0.21%,0.31%,1.58%,3.54%,1.97%,2.13%,4.6,-0.09%,-0.06%,-0.23%,-0.24%
2007-02-07,5.26,85.408, 3.50 ,87.08,0.357,94.7,5.25,81, (58.5), (6.3), 8.0 , (6.0),1%,-51%,-47%,38%,-6%,2%,3%,11%," 16,645 "," 2,436,654 "," 527,458 "," 478,984 ",0.20%,0.23%,0.01%,0.24%,1.70%,3.40%,1.93%,2.25%,4.5,-0.09%,-0.06%,-0.23%,-0.24%
2007-03-10,5.26,85.494, 3.65 ,87.66,0.509,95,5.25,81.4, (62.2), 4.8 , 13.6 , (6.2),6%,-175%,71%,3%,0%,-274%,70%,73%," 16,679 "," 2,442,182 "," 527,511 "," 480,148 ",0.20%,0.23%,0.01%,0.24%,1.82%,3.26%,1.89%,2.37%,4.4,-0.09%,-0.06%,-0.23%,-0.24%
2007-04-10,5.25,85.616, 3.75 ,88.22,0.511,95.3,5.25,81.6, (60.5), (3.0), 7.6 , (2.9),-3%,-162%,-44%,-54%,-3%,-58%,46%,-31%," 16,713 "," 2,447,723 "," 527,565 "," 481,314 ",0.20%,0.23%,0.01%,0.24%,1.93%,3.12%,1.85%,2.48%,4.5,-0.09%,-0.06%,-0.23%,-0.24%
2007-05-11,5.25,85.717, 3.75 ,88.43,0.521,95.6,5.5,81.8, (59.6), (3.6), 3.3 , (3.6),-2%,22%,-57%,25%,-8%,-62%,3%,-38%," 16,745 "," 2,450,852 "," 526,643 "," 482,388 ",0.19%,0.13%,-0.17%,0.22%,2.08%,3.05%,1.74%,2.62%,4.4,-0.09%,-0.06%,-0.23%,-0.24%
2007-06-11,5.25,85.859, 3.91 ,88.52,0.51,95.4,5.5,82, (60.0), 5.7 , 10.2 , (4.7),1%,-258%,211%,31%,-6%,-287%,46%,24%," 16,777 "," 2,453,985 "," 525,722 "," 483,465 ",0.19%,0.13%,-0.17%,0.22%,2.22%,2.99%,1.62%,2.76%,4.6,-0.09%,-0.06%,-0.23%,-0.24%
2007-07-12,5.26,85.988, 4.00 ,88.31,0.499,95.3,5.75,81.5, (60.2), 2.4 , 5.6 , (5.9),0%,-59%,-45%,25%,-10%,-201%,-24%,44%," 16,810 "," 2,457,122 "," 524,803 "," 484,544 ",0.19%,0.13%,-0.17%,0.22%,2.37%,2.92%,1.51%,2.89%,4.7,-0.09%,-0.06%,-0.23%,-0.24%
2007-08-12,5.02,86.116, 4.00 ,88.37,0.485,95.8,5.75,81.8, (57.2), (2.1), 6.4 , (5.0),-5%,-190%,13%,-14%,-16%,-79%,285%,20%," 16,845 "," 2,461,523 "," 525,569 "," 485,498 ",0.21%,0.18%,0.15%,0.20%,2.29%,2.72%,1.20%,2.92%,4.6,-0.09%,-0.06%,-0.23%,-0.24%
2007-09-12,4.94,86.351, 4.00 ,88.71,0.51,95.8,5.75,81.9, (58.2), 0.4 , 14.0 , (5.9),2%,-118%,120%,17%,-11%,-136%,62%,93%," 16,880 "," 2,465,932 "," 526,336 "," 486,455 ",0.21%,0.18%,0.15%,0.20%,2.21%,2.51%,0.89%,2.94%,4.7,-0.09%,-0.06%,-0.23%,-0.24%
2007-10-13,4.76,86.576, 4.00 ,89.15,0.506,96,5.75,82.3, (57.7), 1.7 , 8.6 , (5.2),-1%,354%,-38%,-12%,-3%,1357%,67%,82%," 16,915 "," 2,470,348 "," 527,104 "," 487,413 ",0.21%,0.18%,0.15%,0.20%,2.13%,2.31%,0.59%,2.97%,4.7,-0.09%,-0.06%,-0.23%,-0.24%
2007-11-13,4.49,86.746, 4.00 ,89.63,0.5,95.9,5.75,82.5, (60.7), (0.9), 7.1 , (4.9),5%,-152%,-18%,-4%,3%,-130%,-9%,33%," 16,891 "," 2,475,076 "," 527,738 "," 488,202 ",-0.14%,0.19%,0.12%,0.16%,1.89%,2.27%,0.49%,2.81%,4.7,-0.09%,-0.06%,-0.23%,-0.24%
2007-12-14,4.24,86.920, 4.00 ,89.98,0.497,96,5.5,83, (58.3), (10.3), 7.7 , (5.6),-4%,1066%,9%,13%,-6%,2638%,-18%,26%," 16,867 "," 2,479,813 "," 528,373 "," 488,992 ",-0.14%,0.19%,0.12%,0.16%,1.64%,2.23%,0.40%,2.66%,5.0,-0.09%,-0.06%,-0.23%,-0.24%
2008-01-08,3.94,87.093, 4.00 ,89.67,0.502,95.9,5.5,82.4, (61.3), (21.4), (1.0), (6.3),5%,107%,-113%,13%,6%,65%,-107%,45%," 16,843 "," 2,484,558 "," 529,009 "," 489,783 ",-0.14%,0.19%,0.12%,0.16%,1.39%,2.20%,0.30%,2.50%,5.0,-0.26%,-0.18%,-0.30%,-0.62%
2008-02-08,2.98,87.178, 4.00 ,89.98,0.504,95.7,5.25,83, (64.2), (2.5), 8.7 , (6.3),5%,-88%,-987%,0%,10%,-61%,9%,5%," 16,876 "," 2,480,896 "," 527,933 "," 488,983 ",0.20%,-0.15%,-0.20%,-0.16%,1.39%,1.82%,0.09%,2.09%,4.9,-0.26%,-0.18%,-0.30%,-0.62%
2008-03-10,2.61,87.349, 4.00 ,90.87,0.511,96.1,5.25,83.4, (60.2), (5.9), 10.9 , (5.7),-6%,140%,25%,-10%,-3%,-224%,-20%,-8%," 16,910 "," 2,477,240 "," 526,859 "," 488,184 ",0.20%,-0.15%,-0.20%,-0.16%,1.38%,1.44%,-0.12%,1.67%,5.1,-0.26%,-0.18%,-0.30%,-0.62%
2008-04-10,2.28,87.400, 4.00 ,91.17,0.506,96,5,84, (63.7), (2.5), 4.5 , (5.2),6%,-59%,-59%,-9%,5%,-17%,-41%,81%," 16,943 "," 2,473,588 "," 525,788 "," 487,386 ",0.20%,-0.15%,-0.20%,-0.16%,1.38%,1.06%,-0.34%,1.26%,5.0,-0.26%,-0.18%,-0.30%,-0.62%
2008-05-11,1.98,87.559, 4.00 ,91.74,0.505,96.8,5,84.6, (62.3), (12.5), 3.3 , (4.0),-2%,410%,-27%,-23%,5%,245%,0%,12%," 16,914 "," 2,469,056 "," 523,648 "," 484,868 ",-0.18%,-0.18%,-0.41%,-0.52%,1.00%,0.74%,-0.57%,0.51%,5.4,-0.26%,-0.18%,-0.30%,-0.62%
2008-06-11,2,87.760, 4.00 ,92.09,0.509,97.3,5,85.2, (60.9), (7.0), 1.0 , (7.7),-2%,-44%,-70%,94%,1%,-221%,-90%,66%," 16,884 "," 2,464,532 "," 521,517 "," 482,364 ",-0.18%,-0.18%,-0.41%,-0.52%,0.63%,0.43%,-0.80%,-0.23%,5.6,-0.26%,-0.18%,-0.30%,-0.62%
2008-07-12,2.01,87.918, 4.19 ,91.95,0.503,97.5,5,85.1, (67.0), (9.7), 0.8 , (5.7),10%,39%,-21%,-27%,11%,-510%,-86%,-3%," 16,854 "," 2,460,016 "," 519,395 "," 479,872 ",-0.18%,-0.18%,-0.41%,-0.52%,0.27%,0.12%,-1.03%,-0.96%,5.8,-0.26%,-0.18%,-0.30%,-0.62%
2008-08-12,2,88.026, 4.25 ,91.82,0.504,97.8,5,85.7, (62.4), (18.0), (2.9), (4.3),-7%,87%,-475%,-24%,9%,749%,-145%,-15%," 16,730 "," 2,446,003 "," 515,066 "," 476,455 ",-0.74%,-0.57%,-0.83%,-0.71%,-0.68%,-0.63%,-2.00%,-1.86%,6.1,-0.26%,-0.18%,-0.30%,-0.62%
2008-09-12,1.81,88.116, 4.25 ,92,0.495,97.8,5,86.1, (60.3), (11.3), 0.9 , (2.3),-3%,-37%,-130%,-47%,4%,-3088%,-94%,-61%," 16,607 "," 2,432,069 "," 510,772 "," 473,062 ",-0.74%,-0.57%,-0.83%,-0.71%,-1.61%,-1.37%,-2.96%,-2.75%,6.1,-0.26%,-0.18%,-0.30%,-0.62%
2008-10-13,0.97,87.991, 3.86 ,92.03,0.487,97.7,4.5,85.9, (60.9), (4.2), (0.7), (1.5),1%,-63%,-188%,-35%,6%,-346%,-109%,-71%," 16,485 "," 2,418,215 "," 506,514 "," 469,694 ",-0.74%,-0.57%,-0.83%,-0.71%,-2.54%,-2.11%,-3.91%,-3.64%,6.5,-0.26%,-0.18%,-0.30%,-0.62%
2008-11-13,0.39,87.952, 3.43 ,91.59,0.301,96.8,3,85.8, (45.1), (10.9), (2.3), (2.1),-26%,157%,215%,44%,-26%,1127%,-133%,-57%," 16,423 "," 2,393,027 "," 498,221 "," 466,476 ",-0.38%,-1.04%,-1.64%,-0.69%,-2.77%,-3.31%,-5.59%,-4.45%,6.8,-0.26%,-0.18%,-0.30%,-0.62%
2008-12-14,0.16,87.909, 2.72 ,91.47,0.211,96.4,2,85.5, (44.0), (4.6), (3.5), (0.6),-3%,-57%,49%,-73%,-25%,-55%,-145%,-90%," 16,360 "," 2,368,102 "," 490,064 "," 463,279 ",-0.38%,-1.04%,-1.64%,-0.69%,-3.00%,-4.50%,-7.25%,-5.26%,7.3,-0.26%,-0.18%,-0.30%,-0.62%
2009-01-08,0.15,87.882, 2.32 ,90.73,0.12,95.9,1.5,84.9, (39.3), (18.2), (10.7), (1.8),-11%,294%,205%,212%,-36%,-15%,986%,-71%," 16,298 "," 2,343,437 "," 482,040 "," 460,105 ",-0.38%,-1.04%,-1.64%,-0.69%,-3.23%,-5.68%,-8.88%,-6.06%,7.8,-0.82%,-0.53%,-0.72%,-0.86%
2009-02-08,0.22,87.952, 2.00 ,91.1,0.111,95.6,1,85.6, (28.8), (4.2), 0.8 , (1.7),-27%,-77%,-107%,-6%,-55%,71%,-91%,-73%," 16,289 "," 2,343,396 "," 485,194 "," 459,602 ",-0.06%,0.00%,0.65%,-0.11%,-3.48%,-5.54%,-8.10%,-6.01%,8.3,-0.82%,-0.53%,-0.72%,-0.86%
2009-03-11,0.18,88.015, 1.66 ,91.44,0.1,95.9,0.5,85.8, (30.2), (0.4), (0.1), (3.2),5%,-92%,-107%,87%,-50%,-94%,-100%,-44%," 16,279 "," 2,343,355 "," 488,369 "," 459,100 ",-0.06%,0.00%,0.65%,-0.11%,-3.73%,-5.40%,-7.31%,-5.96%,8.7,-0.82%,-0.53%,-0.72%,-0.86%
2009-04-11,0.15,88.211, 1.31 ,91.76,0.104,96,0.5,86, (30.5), 0.9 , 0.5 , (2.6),1%,-345%,-1054%,-18%,-52%,-136%,-89%,-49%," 16,269 "," 2,343,314 "," 491,564 "," 458,599 ",-0.06%,0.00%,0.65%,-0.11%,-3.98%,-5.27%,-6.51%,-5.91%,9.0,-0.82%,-0.53%,-0.72%,-0.86%
2009-05-12,0.18,88.279, 1.10 ,91.8,0.102,95.8,0.5,86.4, (25.8), 1.0 , 2.9 , (1.4),-15%,10%,488%,-48%,-59%,-108%,-11%,-66%," 16,288 "," 2,346,112 "," 491,524 "," 458,691 ",0.12%,0.12%,-0.01%,0.02%,-3.70%,-4.98%,-6.13%,-5.40%,9.4,-0.82%,-0.53%,-0.72%,-0.86%
2009-06-12,0.21,88.392, 1.00 ,91.99,0.104,95.6,0.5,86.7, (27.2), 6.1 , 5.0 , (3.0),5%,527%,73%,120%,-55%,-187%,417%,-61%," 16,307 "," 2,348,913 "," 491,484 "," 458,783 ",0.12%,0.12%,-0.01%,0.02%,-3.42%,-4.69%,-5.76%,-4.89%,9.5,-0.82%,-0.53%,-0.72%,-0.86%
2009-07-13,0.16,88.468, 1.00 ,91.38,0.102,95.3,0.5,86.7, (33.3), 15.9 , 3.9 , (2.8),23%,163%,-23%,-9%,-50%,-265%,405%,-51%," 16,326 "," 2,351,718 "," 491,444 "," 458,875 ",0.12%,0.12%,-0.01%,0.02%,-3.13%,-4.40%,-5.38%,-4.38%,9.5,-0.82%,-0.53%,-0.72%,-0.86%
2009-08-13,0.16,88.599, 1.00 ,91.69,0.106,95.6,0.5,87, (31.7), (4.7), 1.7 , (3.0),-5%,-130%,-55%,8%,-49%,-74%,-161%,-31%," 16,385 "," 2,355,709 "," 493,433 "," 459,329 ",0.36%,0.17%,0.40%,0.10%,-2.07%,-3.69%,-4.20%,-3.59%,9.6,-0.82%,-0.53%,-0.72%,-0.86%
2009-09-13,0.15,88.755, 1.00 ,91.71,0.102,95.6,0.5,87.1, (35.2), (0.2), 5.7 , (4.1),11%,-95%,225%,37%,-42%,-98%,563%,78%," 16,444 "," 2,359,707 "," 495,430 "," 459,783 ",0.36%,0.17%,0.40%,0.10%,-0.99%,-2.98%,-3.00%,-2.81%,9.8,-0.82%,-0.53%,-0.72%,-0.86%
2009-10-14,0.12,89.082, 1.00 ,91.92,0.106,95.2,0.5,87.2, (35.0), 4.4 , 8.9 , (2.4),-1%,-1955%,56%,-40%,-43%,-205%,-1286%,63%," 16,503 "," 2,363,711 "," 497,435 "," 460,238 ",0.36%,0.17%,0.40%,0.10%,0.11%,-2.25%,-1.79%,-2.01%,10.0,-0.82%,-0.53%,-0.72%,-0.86%
2009-11-14,0.12,89.160, 1.00 ,92.02,0.105,95,0.5,87.5, (38.4), 2.0 , 4.1 , (1.9),10%,-54%,-54%,-22%,-15%,-119%,-274%,-12%," 16,529 "," 2,366,220 "," 499,143 "," 461,669 ",0.16%,0.11%,0.34%,0.31%,0.65%,-1.12%,0.19%,-1.03%,9.9,-0.82%,-0.53%,-0.72%,-0.86%
2009-12-15,0.12,89.236, 1.00 ,92.31,0.101,94.8,0.5,88, (39.4), 2.7 , 6.0 , (2.2),3%,34%,47%,18%,-10%,-159%,-272%,283%," 16,556 "," 2,368,731 "," 500,858 "," 463,104 ",0.16%,0.11%,0.34%,0.31%,1.20%,0.03%,2.20%,-0.04%,9.9,-0.82%,-0.53%,-0.72%,-0.86%
2010-01-09,0.11,89.368, 1.00 ,91.56,0.096,94.9,0.5,87.8, (37.7), (16.1), 0.5 , (3.8),-4%,-695%,-92%,70%,-4%,-11%,-104%,108%," 16,583 "," 2,371,245 "," 502,579 "," 464,543 ",0.16%,0.11%,0.34%,0.31%,1.75%,1.19%,4.26%,0.96%,9.8,-0.73%,-0.53%,-0.67%,-0.73%
2010-02-09,0.13,89.446, 1.00 ,91.85,0.101,94.9,0.5,88.2, (41.5), 2.1 , 7.1 , 0.0 ,10%,-113%,1399%,-101%,44%,-149%,824%,-102%," 16,636 "," 2,378,916 "," 504,625 "," 466,225 ",0.32%,0.32%,0.41%,0.36%,2.13%,1.52%,4.00%,1.44%,9.8,-0.73%,-0.53%,-0.67%,-0.73%
2010-03-12,0.16,89.579, 1.00 ,92.86,0.097,95.1,0.5,88.7, (40.3), 1.9 , 10.3 , (3.7),-3%,-8%,45%,-9616%,33%,-635%,-19916%,16%," 16,690 "," 2,386,612 "," 506,680 "," 467,912 ",0.32%,0.32%,0.41%,0.36%,2.52%,1.85%,3.75%,1.92%,9.9,-0.73%,-0.53%,-0.67%,-0.73%
2010-04-12,0.2,89.625, 1.00 ,93.24,0.093,95.1,0.5,89.2, (41.5), (1.5), 7.8 , (2.3),3%,-177%,-24%,-39%,36%,-268%,1475%,-14%," 16,743 "," 2,394,333 "," 508,743 "," 469,606 ",0.32%,0.32%,0.41%,0.36%,2.91%,2.18%,3.49%,2.40%,9.9,-0.73%,-0.53%,-0.67%,-0.73%
2010-05-13,0.2,89.724, 1.00 ,93.35,0.091,95.1,0.5,89.4, (42.1), (6.9), 3.4 , (2.6),1%,365%,-57%,16%,63%,-812%,15%,92%," 16,786 "," 2,397,948 "," 511,803 "," 470,469 ",0.26%,0.15%,0.60%,0.18%,3.06%,2.21%,4.13%,2.57%,9.6,-0.73%,-0.53%,-0.67%,-0.73%
2010-06-13,0.18,89.767, 1.00 ,93.35,0.095,94.9,0.5,89.5, (47.3), 0.5 , 7.4 , (2.7),12%,-108%,119%,2%,74%,-91%,46%,-11%," 16,829 "," 2,401,567 "," 514,881 "," 471,333 ",0.26%,0.15%,0.60%,0.18%,3.20%,2.24%,4.76%,2.74%,9.4,-0.73%,-0.53%,-0.67%,-0.73%
2010-07-14,0.18,89.769, 1.00 ,92.95,0.094,94.4,0.5,89.3, (41.6), 5.7 , 9.0 , (3.7),-12%,985%,21%,39%,25%,-64%,131%,34%," 16,872 "," 2,405,192 "," 517,978 "," 472,199 ",0.26%,0.15%,0.60%,0.18%,3.34%,2.27%,5.40%,2.90%,9.4,-0.73%,-0.53%,-0.67%,-0.73%
2010-08-14,0.19,89.855, 1.00 ,93.13,0.095,94.5,0.5,89.8, (45.6), (8.2), 0.7 , (3.9),10%,-243%,-92%,6%,44%,75%,-57%,31%," 16,902 "," 2,410,226 "," 516,537 "," 472,337 ",0.17%,0.21%,-0.28%,0.03%,3.15%,2.31%,4.68%,2.83%,9.5,-0.73%,-0.53%,-0.67%,-0.73%
2010-09-14,0.19,89.906, 1.00 ,93.42,0.091,94.7,0.5,89.8, (44.3), 0.0 , 9.2 , (4.5),-3%,-100%,1129%,16%,26%,-108%,62%,11%," 16,931 "," 2,415,271 "," 515,100 "," 472,474 ",0.17%,0.21%,-0.28%,0.03%,2.97%,2.35%,3.97%,2.76%,9.5,-0.73%,-0.53%,-0.67%,-0.73%
2010-10-15,0.19,90.043, 1.00 ,93.71,0.091,95,0.5,90, (40.6), 3.6 , 9.9 , (3.3),-8%,17597%,8%,-28%,16%,-19%,12%,34%," 16,961 "," 2,420,326 "," 513,667 "," 472,612 ",0.17%,0.21%,-0.28%,0.03%,2.78%,2.40%,3.26%,2.69%,9.4,-0.73%,-0.53%,-0.67%,-0.73%
2010-11-15,0.19,90.160, 1.00 ,93.79,0.091,94.7,0.5,90.3, (38.7), (4.3), 1.9 , (3.9),-5%,-220%,-81%,19%,1%,-312%,-53%,106%," 16,947 "," 2,427,582 "," 511,853 "," 473,014 ",-0.08%,0.30%,-0.35%,0.09%,2.53%,2.59%,2.55%,2.46%,9.8,-0.73%,-0.53%,-0.67%,-0.73%
2010-12-16,0.18,90.179, 1.00 ,94.36,0.087,94.5,0.5,91.2, (41.7), (2.6), 8.6 , (4.5),8%,-38%,352%,15%,6%,-197%,43%,101%," 16,934 "," 2,434,859 "," 510,045 "," 473,416 ",-0.08%,0.30%,-0.35%,0.09%,2.28%,2.79%,1.83%,2.23%,9.3,-0.73%,-0.53%,-0.67%,-0.73%
2011-01-10,0.17,90.372, 1.00 ,93.69,0.085,94.4,0.5,91.3, (48.1), (22.6), (6.0), (0.4),15%,754%,-170%,-91%,27%,40%,-1375%,-90%," 16,921 "," 2,442,158 "," 508,243 "," 473,819 ",-0.08%,0.30%,-0.35%,0.09%,2.04%,2.99%,1.13%,2.00%,9.1,-0.70%,-0.36%,-0.68%,-0.60%
2011-02-10,0.16,90.530, 1.00 ,94.08,0.093,94.4,0.5,92, (44.8), (5.1), 7.7 , 2.5 ,-7%,-77%,-228%,-754%,8%,-346%,9%,6420%," 16,959 "," 2,442,190 "," 506,808 "," 474,001 ",0.23%,0.00%,-0.28%,0.04%,1.94%,2.66%,0.43%,1.67%,9.0,-0.70%,-0.36%,-0.68%,-0.60%
2011-03-13,0.14,90.667, 1.00 ,95.35,0.085,94.6,0.5,92.2, (44.3), (0.4), 2.1 , (0.9),-1%,-93%,-73%,-134%,10%,-118%,-80%,-77%," 16,997 "," 2,442,222 "," 505,376 "," 474,183 ",0.23%,0.00%,-0.28%,0.04%,1.84%,2.33%,-0.26%,1.34%,9.0,-0.70%,-0.36%,-0.68%,-0.60%
2011-04-13,0.1,90.875, 1.15 ,95.89,0.062,94.7,0.5,93.2, (42.7), (7.7), (5.7), 0.4 ,-4%,2069%,-374%,-140%,3%,419%,-174%,-116%," 17,035 "," 2,442,254 "," 503,949 "," 474,365 ",0.23%,0.00%,-0.28%,0.04%,1.74%,2.00%,-0.94%,1.01%,9.1,-0.70%,-0.36%,-0.68%,-0.60%
2011-05-14,0.09,91.091, 1.25 ,95.9,0.069,94.7,0.5,93.4, (47.7), (3.7), (10.6), (6.9),12%,-52%,85%,-2080%,13%,-46%,-415%,164%," 17,034 "," 2,442,476 "," 507,979 "," 474,847 ",-0.01%,0.01%,0.80%,0.10%,1.48%,1.86%,-0.75%,0.93%,9.0,-0.70%,-0.36%,-0.68%,-0.60%
2011-06-14,0.09,91.191, 1.25 ,95.89,0.069,94.6,0.5,93.3, (49.0), (1.8), 0.8 , (2.7),3%,-53%,-108%,-60%,4%,-431%,-89%,3%," 17,033 "," 2,442,698 "," 512,041 "," 475,330 ",-0.01%,0.01%,0.80%,0.10%,1.21%,1.71%,-0.55%,0.85%,9.1,-0.70%,-0.36%,-0.68%,-0.60%
2011-07-15,0.07,91.326, 1.40 ,95.34,0.073,94.6,0.5,93.3, (46.1), 0.8 , 0.9 , (2.3),-6%,-146%,10%,-15%,11%,-86%,-90%,-37%," 17,031 "," 2,442,919 "," 516,135 "," 475,813 ",-0.01%,0.01%,0.80%,0.10%,0.94%,1.57%,-0.36%,0.77%,9.0,-0.70%,-0.36%,-0.68%,-0.60%
2011-08-15,0.1,91.508, 1.50 ,95.52,0.081,94.7,0.5,93.8, (45.1), (10.1), (10.1), (1.9),-2%,-1362%,-1248%,-20%,-1%,24%,-1451%,-52%," 17,095 "," 2,440,573 "," 515,876 "," 476,035 ",0.37%,-0.10%,-0.05%,0.05%,1.14%,1.26%,-0.13%,0.78%,9.0,-0.70%,-0.36%,-0.68%,-0.60%
2011-09-15,0.08,91.570, 1.50 ,96.22,0.08,94.7,0.5,94.4, (43.5), (0.3), 3.8 , (4.1),-3%,-97%,-137%,120%,-2%,-1414%,-59%,-9%," 17,159 "," 2,438,229 "," 515,618 "," 476,257 ",0.37%,-0.10%,-0.05%,0.05%,1.34%,0.95%,0.10%,0.80%,9.0,-0.70%,-0.36%,-0.68%,-0.60%
2011-10-16,0.07,91.614, 1.50 ,96.55,0.081,94.8,0.5,94.5, (45.5), (3.1), (3.7), (1.7),5%,1069%,-198%,-59%,12%,-187%,-137%,-48%," 17,223 "," 2,435,887 "," 515,359 "," 476,479 ",0.37%,-0.10%,-0.05%,0.05%,1.54%,0.64%,0.33%,0.82%,8.8,-0.70%,-0.36%,-0.68%,-0.60%
2011-11-16,0.08,91.808, 1.32 ,96.64,0.077,94.2,0.5,94.6, (47.5), 4.5 , (8.9), (2.8),4%,-244%,141%,63%,23%,-205%,-566%,-29%," 17,271 "," 2,433,922 "," 517,804 "," 477,859 ",0.28%,-0.08%,0.47%,0.29%,1.91%,0.26%,1.16%,1.02%,8.6,-0.70%,-0.36%,-0.68%,-0.60%
2011-12-17,0.07,91.960, 1.10 ,96.96,0.078,94.3,0.5,95.1, (49.5), 9.2 , (2.7), (0.3),4%,106%,-70%,-91%,19%,-449%,-131%,-94%," 17,319 "," 2,431,958 "," 520,261 "," 479,244 ",0.28%,-0.08%,0.47%,0.29%,2.27%,-0.12%,2.00%,1.23%,8.5,-0.70%,-0.36%,-0.68%,-0.60%
2012-01-11,0.08,92.235, 1.00 ,96.18,0.08,94.5,0.5,94.6, (50.1), (12.1), (19.4), (1.2),1%,-231%,624%,361%,4%,-47%,222%,208%," 17,367 "," 2,429,996 "," 522,730 "," 480,632 ",0.28%,-0.08%,0.47%,0.29%,2.64%,-0.50%,2.85%,1.44%,8.3,-0.56%,-0.33%,-0.63%,-0.60%
2012-02-11,0.1,92.364, 1.00 ,96.66,0.085,94.7,0.5,95.1, (42.8), 0.5 , 0.3 , 0.8 ,-15%,-104%,-102%,-170%,-4%,-109%,-96%,-67%," 17,393 "," 2,426,986 "," 521,096 "," 480,414 ",0.15%,-0.12%,-0.31%,-0.05%,2.56%,-0.62%,2.82%,1.35%,8.3,-0.56%,-0.33%,-0.63%,-0.60%
2012-03-13,0.13,92.521, 1.00 ,97.91,0.084,95.1,0.5,95.4, (49.7), 8.9 , (1.0), (0.1),16%,1785%,-401%,-108%,12%,-2611%,-147%,-92%," 17,419 "," 2,423,981 "," 519,468 "," 480,197 ",0.15%,-0.12%,-0.31%,-0.05%,2.48%,-0.75%,2.79%,1.27%,8.2,-0.56%,-0.33%,-0.63%,-0.60%
2012-04-13,0.14,92.661, 1.00 ,98.36,0.075,95.2,0.5,96, (46.8), 3.5 , (6.4), (5.2),-6%,-61%,542%,7436%,10%,-145%,11%,-1599%," 17,445 "," 2,420,979 "," 517,845 "," 479,979 ",0.15%,-0.12%,-0.31%,-0.05%,2.40%,-0.87%,2.76%,1.18%,8.2,-0.56%,-0.33%,-0.63%,-0.60%
2012-05-14,0.16,92.755, 1.00 ,98.23,0.084,94.9,0.5,95.9, (45.1), 7.5 , (11.4), (3.0),-4%,115%,79%,-43%,-5%,-302%,7%,-57%," 17,453 "," 2,419,666 "," 517,171 "," 481,507 ",0.05%,-0.05%,-0.13%,0.32%,2.46%,-0.93%,1.81%,1.40%,8.2,-0.56%,-0.33%,-0.63%,-0.60%
2012-06-14,0.16,92.850, 1.00 ,98.15,0.076,94.4,0.5,95.5, (42.9), 15.4 , 0.7 , (4.9),-5%,106%,-106%,64%,-12%,-978%,-12%,79%," 17,461 "," 2,418,355 "," 516,498 "," 483,041 ",0.05%,-0.05%,-0.13%,0.32%,2.52%,-1.00%,0.87%,1.62%,8.2,-0.56%,-0.33%,-0.63%,-0.60%
2012-07-15,0.16,92.946, 0.83 ,97.64,0.084,94.1,0.5,95.6, (42.4), 15.7 , (6.7), (0.7),-1%,2%,-1046%,-85%,-8%,1860%,-862%,-69%," 17,470 "," 2,417,044 "," 515,826 "," 484,579 ",0.05%,-0.05%,-0.13%,0.32%,2.57%,-1.06%,-0.06%,1.84%,8.2,-0.56%,-0.33%,-0.63%,-0.60%
2012-08-15,0.13,93.005, 0.75 ,98.02,0.086,94.3,0.5,96.1, (44.0), 5.8 , (9.8), (3.7),4%,-63%,46%,418%,-2%,-157%,-3%,99%," 17,476 "," 2,413,961 "," 515,689 "," 484,399 ",0.04%,-0.13%,-0.03%,-0.04%,2.23%,-1.09%,-0.04%,1.76%,8.1,-0.56%,-0.33%,-0.63%,-0.60%
2012-09-15,0.14,93.119, 0.75 ,98.73,0.085,94.4,0.5,96.5, (38.8), 10.7 , (7.3), (1.8),-12%,86%,-26%,-53%,-11%,-4132%,-293%,-57%," 17,483 "," 2,410,882 "," 515,553 "," 484,219 ",0.04%,-0.13%,-0.03%,-0.04%,1.89%,-1.12%,-0.01%,1.67%,7.8,-0.56%,-0.33%,-0.63%,-0.60%
2012-10-16,0.16,93.345, 0.75 ,98.96,0.085,94.4,0.5,97, (41.5), 11.6 , (7.0), (3.2),7%,9%,-3%,82%,-9%,-474%,91%,90%," 17,490 "," 2,407,806 "," 515,417 "," 484,039 ",0.04%,-0.13%,-0.03%,-0.04%,1.55%,-1.15%,0.01%,1.59%,7.8,-0.56%,-0.33%,-0.63%,-0.60%
2012-11-16,0.16,93.445, 0.75 ,98.76,0.086,94.1,0.5,97.2, (45.3), 15.5 , (11.8), (2.1),9%,33%,68%,-35%,-4%,246%,33%,-24%," 17,547 "," 2,404,789 "," 517,819 "," 484,495 ",0.33%,-0.13%,0.47%,0.09%,1.60%,-1.20%,0.00%,1.39%,7.7,-0.56%,-0.33%,-0.63%,-0.60%
2012-12-17,0.16,93.514, 0.75 ,99.11,0.082,94.1,0.5,97.6, (36.3), 13.0 , (7.7), (1.7),-20%,-16%,-35%,-17%,-27%,41%,188%,569%," 17,605 "," 2,401,775 "," 520,233 "," 484,952 ",0.33%,-0.13%,0.47%,0.09%,1.65%,-1.24%,-0.01%,1.19%,7.9,-0.56%,-0.33%,-0.63%,-0.60%
2013-01-11,0.14,93.703, 0.75 ,98.09,0.083,94.2,0.5,97.1, (40.1), (7.7), (18.3), (1.3),10%,-159%,138%,-25%,-20%,-36%,-5%,9%," 17,662 "," 2,398,765 "," 522,659 "," 485,409 ",0.33%,-0.13%,0.47%,0.09%,1.70%,-1.29%,-0.01%,0.99%,8.0,-0.34%,-0.28%,-0.60%,-0.48%
2013-02-11,0.15,93.805, 0.75 ,98.45,0.08,94,0.5,97.8, (41.0), 11.5 , (8.3), (0.5),2%,-249%,-55%,-65%,-4%,2331%,-2615%,-154%," 17,678 "," 2,403,882 "," 524,213 "," 486,580 ",0.09%,0.21%,0.30%,0.24%,1.64%,-0.95%,0.60%,1.28%,7.7,-0.34%,-0.28%,-0.60%,-0.48%
2013-03-14,0.14,93.891, 0.75 ,99.61,0.08,94.2,0.5,98.1, (34.3), 27.5 , (3.8), (0.7),-16%,140%,-55%,45%,-31%,209%,279%,842%," 17,694 "," 2,409,009 "," 525,772 "," 487,754 ",0.09%,0.21%,0.30%,0.24%,1.58%,-0.62%,1.21%,1.57%,7.5,-0.34%,-0.28%,-0.60%,-0.48%
2013-04-14,0.15,93.937, 0.75 ,99.52,0.07,94.5,0.5,98.3, (38.5), 17.3 , (9.0), (2.2),12%,-37%,139%,236%,-18%,396%,41%,-58%," 17,710 "," 2,414,147 "," 527,335 "," 488,930 ",0.09%,0.21%,0.30%,0.24%,1.52%,-0.28%,1.83%,1.86%,7.6,-0.34%,-0.28%,-0.60%,-0.48%
2013-05-15,0.11,94.047, 0.56 ,99.63,0.07,94.6,0.5,98.5, (41.7), 17.9 , (9.8), (4.2),8%,4%,9%,89%,-8%,139%,-14%,39%," 17,760 "," 2,416,712 "," 529,012 "," 490,284 ",0.28%,0.11%,0.32%,0.28%,1.76%,-0.12%,2.29%,1.82%,7.5,-0.34%,-0.28%,-0.60%,-0.48%
2013-06-15,0.09,94.209, 0.50 ,99.73,0.07,94.6,0.5,98.3, (34.4), 19.4 , (1.9), (4.0),-17%,8%,-81%,-3%,-20%,26%,-362%,-18%," 17,810 "," 2,419,280 "," 530,695 "," 491,641 ",0.28%,0.11%,0.32%,0.28%,2.00%,0.04%,2.75%,1.78%,7.5,-0.34%,-0.28%,-0.60%,-0.48%
2013-07-16,0.09,94.329, 0.50 ,99.2,0.07,94.8,0.5,98.3, (36.4), 22.8 , (10.3), (3.2),6%,17%,458%,-21%,-14%,45%,54%,342%," 17,860 "," 2,421,851 "," 532,383 "," 493,002 ",0.28%,0.11%,0.32%,0.28%,2.24%,0.20%,3.21%,1.74%,7.3,-0.34%,-0.28%,-0.60%,-0.48%
2013-08-16,0.08,94.431, 0.50 ,99.32,0.07,95.1,0.5,98.7, (36.6), 9.0 , (9.9), (0.9),1%,-60%,-4%,-73%,-17%,57%,2%,-77%," 17,912 "," 2,424,182 "," 532,144 "," 494,154 ",0.29%,0.10%,-0.04%,0.23%,2.49%,0.42%,3.19%,2.01%,7.2,-0.34%,-0.28%,-0.60%,-0.48%
2013-09-16,0.08,94.543, 0.50 ,99.8,0.07,95.4,0.5,99.1, (39.9), 13.6 , (9.5), (5.1),9%,51%,-4%,486%,3%,27%,31%,186%," 17,964 "," 2,426,516 "," 531,905 "," 495,309 ",0.29%,0.10%,-0.04%,0.23%,2.75%,0.65%,3.17%,2.29%,7.2,-0.34%,-0.28%,-0.60%,-0.48%
2013-10-17,0.09,94.703, 0.50 ,99.68,0.07,95.5,0.5,99.1, (36.3), 22.1 , (11.2), (8.0),-9%,62%,18%,57%,-12%,90%,59%,147%," 18,016 "," 2,428,851 "," 531,667 "," 496,466 ",0.29%,0.10%,-0.04%,0.23%,3.01%,0.87%,3.15%,2.57%,7.2,-0.34%,-0.28%,-0.60%,-0.48%
2013-11-17,0.08,94.860, 0.35 ,99.6,0.07,95.5,0.5,99.2, (34.0), 22.0 , (13.0), (7.6),-6%,0%,16%,-5%,-25%,42%,10%,260%," 17,995 "," 2,432,130 "," 533,144 "," 497,824 ",-0.12%,0.14%,0.28%,0.27%,2.55%,1.14%,2.96%,2.75%,6.9,-0.34%,-0.28%,-0.60%,-0.48%
2013-12-18,0.09,94.961, 0.25 ,99.95,0.07,95.6,0.5,99.6, (33.6), 18.4 , (12.7), (2.4),-1%,-17%,-3%,-68%,-7%,41%,64%,38%," 17,975 "," 2,435,414 "," 534,625 "," 499,186 ",-0.12%,0.14%,0.28%,0.27%,2.10%,1.40%,2.77%,2.94%,6.7,-0.34%,-0.28%,-0.60%,-0.48%
2014-01-12,0.07,95.064, 0.25 ,98.84,0.07,95.5,0.5,99, (37.4), (1.3), (26.9), (5.3),11%,-107%,113%,122%,-7%,-84%,47%,308%," 17,954 "," 2,438,702 "," 536,110 "," 500,552 ",-0.12%,0.14%,0.28%,0.27%,1.65%,1.66%,2.57%,3.12%,6.6,-0.23%,-0.21%,-0.49%,-0.44%
2014-02-12,0.07,95.109, 0.25 ,99.14,0.08,95.5,0.5,99.5, (40.1), 19.1 , (7.9), (3.7),7%,-1615%,-71%,-31%,-2%,67%,-5%,710%," 18,031 "," 2,440,577 "," 532,851 "," 502,010 ",0.43%,0.08%,-0.61%,0.29%,2.00%,1.53%,1.65%,3.17%,6.7,-0.23%,-0.21%,-0.49%,-0.44%
2014-03-15,0.08,95.250, 0.25 ,100.07,0.07,95.7,0.5,99.7, (42.9), 21.6 , (14.2), (2.3),7%,13%,79%,-38%,25%,-21%,276%,247%," 18,108 "," 2,442,454 "," 529,612 "," 503,472 ",0.43%,0.08%,-0.61%,0.29%,2.34%,1.39%,0.73%,3.22%,6.7,-0.23%,-0.21%,-0.49%,-0.44%
2014-04-15,0.09,95.413, 0.25 ,100.22,0.06,97.7,0.5,100.1, (43.7), 19.3 , (8.1), (3.1),2%,-10%,-43%,37%,14%,12%,-10%,41%," 18,186 "," 2,444,332 "," 526,393 "," 504,939 ",0.43%,0.08%,-0.61%,0.29%,2.69%,1.25%,-0.18%,3.27%,6.2,-0.23%,-0.21%,-0.49%,-0.44%
2014-05-16,0.09,95.574, 0.25 ,100.11,0.07,98.1,0.5,100, (39.6), 18.8 , (9.0), (2.4),-10%,-3%,12%,-23%,-5%,5%,-8%,-42%," 18,259 "," 2,448,189 "," 526,562 "," 506,203 ",0.40%,0.16%,0.03%,0.25%,2.81%,1.30%,-0.46%,3.25%,6.3,-0.23%,-0.21%,-0.49%,-0.44%
2014-06-16,0.1,95.682, 0.18 ,100.22,0.07,98,0.5,100.2, (38.9), 20.1 , (8.2), (4.0),-2%,7%,-9%,66%,13%,4%,341%,-1%," 18,333 "," 2,452,052 "," 526,732 "," 507,470 ",0.40%,0.16%,0.03%,0.25%,2.94%,1.35%,-0.75%,3.22%,6.1,-0.23%,-0.21%,-0.49%,-0.44%
2014-07-17,0.09,95.848, 0.15 ,99.57,0.07,98.1,0.5,99.9, (38.9), 26.6 , (9.5), (6.7),0%,32%,16%,68%,7%,17%,-8%,111%," 18,407 "," 2,455,921 "," 526,901 "," 508,741 ",0.40%,0.16%,0.03%,0.25%,3.06%,1.41%,-1.03%,3.19%,6.2,-0.23%,-0.21%,-0.49%,-0.44%
2014-08-17,0.09,95.885, 0.15 ,99.68,0.07,98.3,0.5,100.2, (36.9), 8.5 , (9.3), (5.0),-5%,-68%,-3%,-25%,1%,-6%,-7%,483%," 18,438 "," 2,459,197 "," 527,662 "," 509,936 ",0.17%,0.13%,0.14%,0.23%,2.93%,1.44%,-0.84%,3.19%,6.1,-0.23%,-0.21%,-0.49%,-0.44%
2014-09-17,0.09,96.013, 0.08 ,100.12,0.07,98.5,0.5,100.3, (41.7), 22.0 , (9.0), (3.9),13%,158%,-3%,-24%,4%,61%,-6%,-24%," 18,469 "," 2,462,478 "," 528,424 "," 511,134 ",0.17%,0.13%,0.14%,0.23%,2.81%,1.48%,-0.65%,3.19%,5.9,-0.23%,-0.21%,-0.49%,-0.44%
2014-10-18,0.09,96.096, 0.05 ,100.06,0.06,98.2,0.5,100.4, (41.1), 27.9 , (6.9), (5.2),-1%,27%,-23%,35%,13%,26%,-39%,-35%," 18,500 "," 2,465,763 "," 529,188 "," 512,334 ",0.17%,0.13%,0.14%,0.23%,2.69%,1.52%,-0.47%,3.20%,5.7,-0.23%,-0.21%,-0.49%,-0.44%
2014-11-18,0.09,96.181, 0.05 ,99.88,0.06,97.9,0.5,100.1, (39.8), 24.5 , (7.7), (6.7),-3%,-12%,13%,28%,17%,11%,-40%,-12%," 18,555 "," 2,471,795 "," 531,943 "," 512,839 ",0.30%,0.24%,0.52%,0.10%,3.11%,1.63%,-0.23%,3.02%,5.8,-0.23%,-0.21%,-0.49%,-0.44%
2014-12-19,0.12,96.249, 0.05 ,99.78,0.07,97.9,0.5,100.1, (42.8), 29.3 , (5.6), (10.8),8%,20%,-28%,62%,27%,60%,-56%,349%," 18,611 "," 2,477,841 "," 534,713 "," 513,344 ",0.30%,0.24%,0.52%,0.10%,3.54%,1.74%,0.02%,2.84%,5.6,-0.23%,-0.21%,-0.49%,-0.44%
2015-01-13,0.11,96.214, 0.05 ,98.24,0.07,97.8,0.5,99.3, (38.9), 7.3 , (9.8), (7.2),-9%,-75%,76%,-34%,4%,-681%,-64%,34%," 18,667 "," 2,483,903 "," 537,497 "," 513,850 ",0.30%,0.24%,0.52%,0.10%,3.97%,1.85%,0.26%,2.66%,5.7,-0.20%,-0.17%,-0.38%,-0.36%
2015-02-13,0.11,96.324, 0.05 ,98.85,0.08,97.6,0.5,99.5, (33.9), 21.7 , (3.6), (6.5),-13%,196%,-63%,-10%,-15%,13%,-55%,77%," 18,705 "," 2,487,537 "," 537,742 "," 514,857 ",0.21%,0.15%,0.05%,0.20%,3.74%,1.92%,0.92%,2.56%,5.5,-0.20%,-0.17%,-0.38%,-0.36%
2015-03-16,0.11,96.470, 0.05 ,100,0.07,97.9,0.5,99.7, (48.7), 20.3 , 1.9 , (2.7),44%,-7%,-152%,-59%,13%,-6%,-113%,17%," 18,744 "," 2,491,177 "," 537,987 "," 515,865 ",0.21%,0.15%,0.05%,0.20%,3.51%,1.99%,1.58%,2.46%,5.4,-0.20%,-0.17%,-0.38%,-0.36%
2015-04-16,0.12,96.648, 0.05 ,100.43,0.06,98.4,0.5,99.9, (39.8), 21.6 , (0.5), (2.1),-18%,7%,-126%,-20%,-9%,12%,-94%,-32%," 18,782 "," 2,494,822 "," 538,233 "," 516,876 ",0.21%,0.15%,0.05%,0.20%,3.28%,2.07%,2.25%,2.36%,5.4,-0.20%,-0.17%,-0.38%,-0.36%
2015-05-17,0.12,96.766, 0.05 ,100.71,0.07,98.7,0.5,100.1, (38.5), 19.7 , (1.8), (0.8),-3%,-9%,266%,-63%,-3%,4%,-80%,-67%," 18,807 "," 2,498,154 "," 538,442 "," 517,555 ",0.13%,0.13%,0.04%,0.13%,3.00%,2.04%,2.26%,2.24%,5.6,-0.20%,-0.17%,-0.38%,-0.36%
2015-06-17,0.13,96.882, 0.05 ,100.72,0.07,98.4,0.5,100.2, (42.4), 27.9 , (0.5), (1.7),10%,42%,-72%,116%,9%,39%,-94%,-57%," 18,832 "," 2,501,490 "," 538,651 "," 518,234 ",0.13%,0.13%,0.04%,0.13%,2.72%,2.02%,2.26%,2.12%,5.3,-0.20%,-0.17%,-0.38%,-0.36%
2015-07-18,0.13,96.978, 0.05 ,100.11,0.07,98.3,0.5,100, (40.3), 32.9 , (2.1), (5.6),-5%,18%,331%,228%,4%,24%,-78%,-17%," 18,857 "," 2,504,831 "," 538,860 "," 518,915 ",0.13%,0.13%,0.04%,0.13%,2.45%,1.99%,2.27%,2.00%,5.2,-0.20%,-0.17%,-0.38%,-0.36%
2015-08-18,0.14,97.056, 0.05 ,100.12,0.08,98.4,0.5,100.3, (44.2), 11.6 , (4.6), (3.1),10%,-65%,117%,-45%,20%,36%,-50%,-39%," 18,869 "," 2,508,979 "," 538,506 "," 519,915 ",0.06%,0.17%,-0.07%,0.19%,2.34%,2.02%,2.06%,1.96%,5.1,-0.20%,-0.17%,-0.38%,-0.36%
2015-09-18,0.14,97.196, 0.05 ,100.32,0.07,98.5,0.5,100.2, (41.6), 20.8 , (1.0), (3.6),-6%,79%,-78%,17%,0%,-5%,-89%,-7%," 18,881 "," 2,513,134 "," 538,154 "," 520,916 ",0.06%,0.17%,-0.07%,0.19%,2.23%,2.06%,1.84%,1.91%,5.0,-0.20%,-0.17%,-0.38%,-0.36%
2015-10-19,0.12,97.228, 0.05 ,100.45,0.08,98.5,0.5,100.3, (40.9), 26.2 , 0.9 , (6.7),-2%,26%,-186%,86%,0%,-6%,-113%,28%," 18,892 "," 2,517,296 "," 537,801 "," 521,920 ",0.06%,0.17%,-0.07%,0.19%,2.12%,2.09%,1.63%,1.87%,5.0,-0.20%,-0.17%,-0.38%,-0.36%
2015-11-19,0.12,97.332, 0.05 ,100.01,0.08,98.1,0.5,100.3, (40.5), 24.6 , (3.2), (3.2),-1%,-6%,-462%,-52%,2%,1%,-59%,-52%," 18,929 "," 2,521,366 "," 539,182 "," 522,550 ",0.19%,0.16%,0.26%,0.12%,2.01%,2.01%,1.36%,1.89%,5.1,-0.20%,-0.17%,-0.38%,-0.36%
2015-12-20,0.24,97.396, 0.05 ,100.03,0.07,98.1,0.5,100.3, (41.0), 26.3 , 1.1 , (1.3),1%,7%,-136%,-59%,-4%,-10%,-120%,-88%," 18,965 "," 2,525,442 "," 540,566 "," 523,181 ",0.19%,0.16%,0.26%,0.12%,1.90%,1.92%,1.09%,1.92%,5.0,-0.20%,-0.17%,-0.38%,-0.36%
2016-01-14,0.34,97.567, 0.05 ,98.56,0.07,97.7,0.5,99.5, (40.0), 4.9 , (5.6), (1.3),-2%,-81%,-587%,3%,3%,-33%,-43%,-81%," 19,002 "," 2,529,524 "," 541,953 "," 523,813 ",0.19%,0.16%,0.26%,0.12%,1.80%,1.84%,0.83%,1.94%,4.8,-0.26%,-0.13%,-0.40%,-0.24%
2016-02-14,0.38,97.736, 0.05 ,98.73,0.03,97.8,0.5,99.8, (43.3), 19.5 , 2.0 , (4.9),8%,296%,-137%,263%,28%,-10%,-157%,-25%," 19,022 "," 2,531,541 "," 541,642 "," 524,790 ",0.11%,0.08%,-0.06%,0.19%,1.69%,1.77%,0.73%,1.93%,4.9,-0.26%,-0.13%,-0.40%,-0.24%
2016-03-16,0.36,97.876, 0.02 ,99.96,-0.003,97.9,0.5,100.2, (36.8), 30.8 , 6.6 , (4.8),-15%,58%,222%,-1%,-24%,52%,255%,80%," 19,042 "," 2,533,558 "," 541,331 "," 525,769 ",0.11%,0.08%,-0.06%,0.19%,1.59%,1.70%,0.62%,1.92%,5.0,-0.26%,-0.13%,-0.40%,-0.24%
2016-04-16,0.37,98.117, -   ,100.17,-0.036,98.1,0.5,100.2, (38.0), 30.7 , 7.4 , (3.4),3%,0%,12%,-28%,-4%,42%,-1614%,63%," 19,063 "," 2,535,578 "," 541,021 "," 526,750 ",0.11%,0.08%,-0.06%,0.19%,1.49%,1.63%,0.52%,1.91%,5.1,-0.26%,-0.13%,-0.40%,-0.24%
2016-05-17,0.37,98.284, -   ,100.59,-0.059,98.2,0.5,100.4, (39.0), 25.6 , (0.4), (0.5),3%,-17%,-106%,-85%,1%,30%,-76%,-36%," 19,108 "," 2,539,553 "," 541,413 "," 527,403 ",0.24%,0.16%,0.07%,0.12%,1.60%,1.66%,0.55%,1.90%,4.8,-0.26%,-0.13%,-0.40%,-0.24%
2016-06-17,0.38,98.386, -   ,100.77,-0.055,98.1,0.5,100.6, (41.7), 32.2 , 6.5 , (5.1),7%,26%,-1595%,911%,-2%,15%,-1421%,200%," 19,153 "," 2,543,535 "," 541,806 "," 528,057 ",0.24%,0.16%,0.07%,0.12%,1.70%,1.68%,0.59%,1.90%,4.9,-0.26%,-0.13%,-0.40%,-0.24%
2016-07-18,0.39,98.529, -   ,100.28,-0.043,97.9,0.5,100.6, (39.9), 27.4 , 4.8 , (6.4),-4%,-15%,-25%,25%,-1%,-17%,-329%,14%," 19,198 "," 2,547,523 "," 542,199 "," 528,712 ",0.24%,0.16%,0.07%,0.12%,1.81%,1.70%,0.62%,1.89%,4.8,-0.26%,-0.13%,-0.40%,-0.24%
2016-08-18,0.4,98.703, -   ,100.34,-0.043,97.9,0.25,100.9, (40.1), 19.3 , (0.3), (8.4),1%,-30%,-107%,32%,-9%,66%,-93%,174%," 19,233 "," 2,553,844 "," 542,430 "," 529,833 ",0.18%,0.25%,0.04%,0.21%,1.93%,1.79%,0.73%,1.91%,4.9,-0.26%,-0.13%,-0.40%,-0.24%
2016-09-18,0.4,98.834, -   ,100.72,-0.052,98,0.25,101.1, (37.0), 27.4 , 4.8 , (7.1),-8%,42%,-1497%,-15%,-11%,32%,-573%,99%," 19,269 "," 2,560,181 "," 542,661 "," 530,956 ",0.18%,0.25%,0.04%,0.21%,2.06%,1.87%,0.84%,1.93%,5.0,-0.26%,-0.13%,-0.40%,-0.24%
2016-10-19,0.4,98.961, -   ,100.96,-0.037,98.6,0.25,101.2, (38.6), 21.6 , 4.6 , (0.0),4%,-21%,-3%,-100%,-6%,-17%,431%,-100%," 19,304 "," 2,566,533 "," 542,892 "," 532,082 ",0.18%,0.25%,0.04%,0.21%,2.18%,1.96%,0.95%,1.95%,4.9,-0.26%,-0.13%,-0.40%,-0.24%
2016-11-19,0.41,99.005, -   ,100.6,-0.049,98.6,0.25,101.4, (43.9), 25.4 , 1.4 , (3.5),14%,17%,-71%,15926%,9%,3%,-143%,11%," 19,336 "," 2,572,820 "," 544,315 "," 533,572 ",0.16%,0.24%,0.26%,0.28%,2.15%,2.04%,0.95%,2.11%,4.7,-0.26%,-0.13%,-0.40%,-0.24%
2016-12-20,0.54,99.120, -   ,101.13,-0.044,98.4,0.25,101.9, (41.0), 29.2 , 5.5 , (3.0),-7%,15%,305%,-16%,0%,11%,380%,130%," 19,367 "," 2,579,122 "," 545,743 "," 535,067 ",0.16%,0.24%,0.26%,0.28%,2.12%,2.13%,0.96%,2.27%,4.7,-0.26%,-0.13%,-0.40%,-0.24%
2017-01-14,0.65,99.385, -   ,100.26,-0.045,98.2,0.25,101.4, (43.6), (0.2), (9.7), (2.5),6%,-101%,-276%,-17%,9%,-105%,74%,85%," 19,398 "," 2,585,440 "," 547,174 "," 536,566 ",0.16%,0.24%,0.26%,0.28%,2.09%,2.21%,0.96%,2.43%,4.7,-0.28%,-0.08%,-0.34%,-0.24%
2017-02-14,0.66,99.561, -   ,100.66,-0.038,98.1,0.25,102.1, (39.8), 17.8 , 7.1 , (2.2),-9%,-7462%,-174%,-12%,-8%,-9%,247%,-55%," 19,434 "," 2,591,806 "," 547,886 "," 537,715 ",0.19%,0.25%,0.13%,0.21%,2.17%,2.38%,1.15%,2.46%,4.6,-0.28%,-0.08%,-0.34%,-0.24%
2017-03-17,0.79,99.519, -   ,101.49,-0.042,98.1,0.25,102.5, (41.1), 30.8 , 5.3 , (3.8),3%,73%,-25%,73%,12%,0%,-19%,-22%," 19,471 "," 2,598,188 "," 548,598 "," 538,866 ",0.19%,0.25%,0.13%,0.21%,2.25%,2.55%,1.34%,2.49%,4.4,-0.28%,-0.08%,-0.34%,-0.24%
2017-04-17,0.9,99.723, -   ,102.07,-0.054,98.5,0.25,102.9, (44.2), 17.4 , 4.3 , (1.2),8%,-44%,-19%,-69%,16%,-44%,-41%,-66%," 19,507 "," 2,604,585 "," 549,312 "," 540,020 ",0.19%,0.25%,0.13%,0.21%,2.33%,2.72%,1.53%,2.52%,4.4,-0.28%,-0.08%,-0.34%,-0.24%
2017-05-18,0.91,99.803, -   ,101.98,-0.053,98.6,0.25,103.3, (44.0), 21.3 , (1.8), (3.2),-1%,23%,-142%,177%,13%,-17%,319%,538%," 19,558 "," 2,610,860 "," 550,852 "," 541,162 ",0.26%,0.24%,0.28%,0.21%,2.36%,2.81%,1.74%,2.61%,4.4,-0.28%,-0.08%,-0.34%,-0.24%
2017-06-18,1.04,99.937, -   ,102.08,-0.056,98.5,0.25,103.3, (42.6), 28.9 , 3.9 , (5.4),-3%,35%,-314%,68%,2%,-10%,-40%,6%," 19,609 "," 2,617,150 "," 552,397 "," 542,306 ",0.26%,0.24%,0.28%,0.21%,2.38%,2.89%,1.95%,2.70%,4.3,-0.28%,-0.08%,-0.34%,-0.24%
2017-07-19,1.15,100.010, -   ,101.62,-0.054,98.3,0.25,103.2, (43.9), 24.2 , 3.6 , (3.4),3%,-16%,-7%,-38%,10%,-12%,-25%,-47%," 19,661 "," 2,623,455 "," 553,945 "," 543,452 ",0.26%,0.24%,0.28%,0.21%,2.41%,2.98%,2.17%,2.79%,4.3,-0.28%,-0.08%,-0.34%,-0.24%
2017-08-19,1.16,100.118, -   ,101.89,-0.049,98.5,0.25,103.8, (41.4), 17.8 , 0.9 , (3.4),-6%,-26%,-76%,1%,3%,-7%,-358%,-60%," 19,734 "," 2,630,484 "," 554,116 "," 544,757 ",0.37%,0.27%,0.03%,0.24%,2.60%,3.00%,2.15%,2.82%,4.4,-0.28%,-0.08%,-0.34%,-0.24%
2017-09-19,1.15,100.240, -   ,102.29,-0.058,98.8,0.25,104.1, (41.6), 29.7 , 5.9 , (2.3),0%,66%,570%,-32%,12%,8%,24%,-68%," 19,808 "," 2,637,532 "," 554,286 "," 546,066 ",0.37%,0.27%,0.03%,0.24%,2.80%,3.02%,2.14%,2.85%,4.3,-0.28%,-0.08%,-0.34%,-0.24%
2017-10-20,1.15,100.486, -   ,102.34,-0.037,98.8,0.25,104.2, (42.8), 21.0 , 2.5 , (1.7),3%,-29%,-58%,-24%,11%,-3%,-47%,7724%," 19,882 "," 2,644,599 "," 554,457 "," 547,377 ",0.37%,0.27%,0.03%,0.24%,2.99%,3.04%,2.13%,2.87%,4.2,-0.28%,-0.08%,-0.34%,-0.24%
2017-11-20,1.16,100.535, -   ,102.14,-0.048,99.1,0.5,104.6, (45.5), 27.3 , 0.9 , (3.9),6%,30%,-62%,126%,4%,8%,-31%,10%," 19,936 "," 2,644,771 "," 554,604 "," 547,481 ",0.27%,0.01%,0.03%,0.02%,3.11%,2.80%,1.89%,2.61%,4.2,-0.28%,-0.08%,-0.34%,-0.24%
2017-12-21,1.3,100.683, -   ,102.49,-0.042,99.4,0.5,104.9, (46.5), 28.5 , 3.2 , (3.1),2%,4%,238%,-21%,14%,-2%,-42%,4%," 19,990 "," 2,644,944 "," 554,751 "," 547,584 ",0.27%,0.01%,0.03%,0.02%,3.22%,2.55%,1.65%,2.34%,4.1,-0.28%,-0.08%,-0.34%,-0.24%
2018-01-15,1.41,101.007, -   ,101.56,-0.04,99.5,0.5,104.4, (47.0), 2.8 , (8.7), (4.4),1%,-90%,-375%,43%,8%,-1265%,-10%,79%," 20,044 "," 2,645,116 "," 554,899 "," 547,688 ",0.27%,0.01%,0.03%,0.02%,3.33%,2.31%,1.41%,2.07%,4.0,-0.32%,-0.03%,-0.28%,-0.18%
2018-02-15,1.42,101.198, -   ,101.78,-0.042,99.5,0.5,104.9, (48.8), 20.0 , (0.1), (1.1),4%,611%,-99%,-75%,23%,13%,-102%,-49%," 20,079 "," 2,649,432 "," 555,577 "," 547,992 ",0.18%,0.16%,0.12%,0.06%,3.32%,2.22%,1.40%,1.91%,4.1,-0.32%,-0.03%,-0.28%,-0.18%
2018-03-18,1.51,101.419, -   ,102.91,-0.062,99.2,0.5,105, (43.5), 32.4 , 7.4 , (4.6),-11%,62%,-5860%,319%,6%,5%,38%,24%," 20,115 "," 2,653,756 "," 556,256 "," 548,296 ",0.18%,0.16%,0.12%,0.06%,3.31%,2.14%,1.40%,1.75%,4.0,-0.32%,-0.03%,-0.28%,-0.18%
2018-04-18,1.69,101.602, -   ,103.32,-0.063,99.1,0.5,105.4, (46.1), 19.0 , 5.8 , (4.0),6%,-41%,-22%,-14%,4%,10%,33%,242%," 20,150 "," 2,658,086 "," 556,936 "," 548,600 ",0.18%,0.16%,0.12%,0.06%,3.30%,2.05%,1.39%,1.59%,4.0,-0.32%,-0.03%,-0.28%,-0.18%
2018-05-19,1.7,101.780, -   ,103.97,-0.061,99.3,0.5,105.8, (41.4), 18.8 , (5.3), (3.5),-10%,-1%,-191%,-12%,-6%,-12%,189%,8%," 20,192 "," 2,658,526 "," 555,946 "," 549,208 ",0.21%,0.02%,-0.18%,0.11%,3.24%,1.83%,0.92%,1.49%,3.8,-0.32%,-0.03%,-0.28%,-0.18%
2018-06-19,1.82,101.872, -   ,104.09,-0.071,99.2,0.5,105.8, (44.8), 25.5 , 6.6 , (1.1),8%,35%,-226%,-69%,5%,-12%,69%,-80%," 20,234 "," 2,658,967 "," 554,957 "," 549,816 ",0.21%,0.02%,-0.18%,0.11%,3.19%,1.60%,0.46%,1.38%,4.0,-0.32%,-0.03%,-0.28%,-0.18%
2018-07-20,1.91,102.006, -   ,103.85,-0.07,99.2,0.5,105.8, (49.7), 18.3 , (2.0), (1.6),11%,-28%,-131%,49%,13%,-24%,-156%,-52%," 20,276 "," 2,659,407 "," 553,971 "," 550,425 ",0.21%,0.02%,-0.18%,0.11%,3.13%,1.37%,0.00%,1.28%,3.8,-0.32%,-0.03%,-0.28%,-0.18%
2018-08-20,1.91,102.016, -   ,104.01,-0.059,99.8,0.75,106.5, (49.6), 12.6 , (4.0), (4.2),0%,-31%,98%,164%,20%,-29%,-558%,24%," 20,286 "," 2,665,032 "," 553,634 "," 550,659 ",0.05%,0.21%,-0.06%,0.04%,2.79%,1.31%,-0.09%,1.08%,3.8,-0.32%,-0.03%,-0.28%,-0.18%
2018-09-20,1.95,102.205, -   ,104.42,-0.058,99.9,0.75,106.6, (50.6), 13.3 , 1.1 , (1.0),2%,6%,-127%,-76%,22%,-55%,-81%,-56%," 20,295 "," 2,670,669 "," 553,298 "," 550,894 ",0.05%,0.21%,-0.06%,0.04%,2.46%,1.26%,-0.18%,0.88%,3.7,-0.32%,-0.03%,-0.28%,-0.18%
2018-10-21,2.19,102.366, -   ,104.68,-0.06,100.2,0.75,106.7, (52.5), 13.6 , (4.0), (3.8),4%,2%,-465%,274%,22%,-36%,-264%,120%," 20,305 "," 2,676,317 "," 552,962 "," 551,128 ",0.05%,0.21%,-0.06%,0.04%,2.13%,1.20%,-0.27%,0.69%,3.8,-0.32%,-0.03%,-0.28%,-0.18%
2018-11-21,2.2,102.556, -   ,104.1,-0.071,100,0.75,107, (49.4), 19.2 , (6.5), (4.4),-6%,42%,61%,17%,9%,-30%,-800%,13%," 20,347 "," 2,681,987 "," 553,422 "," 552,462 ",0.21%,0.21%,0.08%,0.24%,2.06%,1.41%,-0.21%,0.91%,3.8,-0.32%,-0.03%,-0.28%,-0.18%
2018-12-22,2.27,102.735, -   ,104.05,-0.068,99.7,0.75,107.1, (55.2), 17.3 , (0.5), (5.9),12%,-10%,-92%,32%,19%,-39%,-116%,89%," 20,389 "," 2,687,669 "," 553,883 "," 553,800 ",0.21%,0.21%,0.08%,0.24%,2.00%,1.62%,-0.16%,1.14%,3.9,-0.32%,-0.03%,-0.28%,-0.18%
2019-01-16,2.4,102.870, -   ,102.97,-0.064,99.7,0.75,106.3, (48.9), (0.1), (13.0), (10.8),-11%,-100%,2525%,84%,4%,-103%,50%,143%," 20,432 "," 2,693,363 "," 554,344 "," 555,141 ",0.21%,0.21%,0.08%,0.24%,1.93%,1.82%,-0.10%,1.36%,4.0,-0.38%,-0.04%,-0.30%,-0.23%
2019-02-16,2.4,102.963, -   ,103.3,-0.055,99.7,0.75,106.8, (47.6), 19.3 , 3.0 , (12.0),-3%,-23463%,-123%,11%,-2%,-4%,-2421%,985%," 20,488 "," 2,696,542 "," 555,063 "," 555,737 ",0.28%,0.12%,0.13%,0.11%,2.04%,1.78%,-0.09%,1.41%,3.8,-0.38%,-0.04%,-0.30%,-0.23%
2019-03-19,2.41,103.058, -   ,104.35,-0.041,99.7,0.75,107, (48.1), 24.1 , 4.7 , (11.9),1%,25%,56%,-1%,11%,-26%,-37%,157%," 20,545 "," 2,699,724 "," 555,783 "," 556,334 ",0.28%,0.12%,0.13%,0.11%,2.14%,1.73%,-0.09%,1.47%,3.8,-0.38%,-0.04%,-0.30%,-0.23%
2019-04-19,2.42,103.265, -   ,105.1,-0.067,100,0.75,107.6, (49.6), 15.2 , 0.5 , (7.3),3%,-37%,-89%,-39%,8%,-20%,-91%,83%," 20,602 "," 2,702,910 "," 556,503 "," 556,932 ",0.28%,0.12%,0.13%,0.11%,2.24%,1.69%,-0.08%,1.52%,3.7,-0.38%,-0.04%,-0.30%,-0.23%
2019-05-20,2.39,103.371, -   ,105.24,-0.049,100,0.75,107.9, (50.8), 22.5 , (8.8), (4.1),3%,48%,-1761%,-44%,23%,20%,67%,17%," 20,682 "," 2,704,557 "," 556,800 "," 558,280 ",0.39%,0.06%,0.05%,0.24%,2.43%,1.73%,0.15%,1.65%,3.6,-0.38%,-0.04%,-0.30%,-0.23%
2019-06-20,2.38,103.560, -   ,105.41,-0.062,99.8,0.75,107.9, (48.6), 20.7 , 5.4 , (1.2),-4%,-8%,-162%,-70%,8%,-19%,-18%,16%," 20,763 "," 2,706,205 "," 557,098 "," 559,632 ",0.39%,0.06%,0.05%,0.24%,2.61%,1.78%,0.39%,1.79%,3.6,-0.38%,-0.04%,-0.30%,-0.23%
2019-07-21,2.4,103.678, -   ,104.91,-0.071,99.8,0.75,107.9, (48.5), 24.0 , (2.3), 0.4 ,0%,16%,-143%,-129%,-2%,31%,15%,-122%," 20,843 "," 2,707,855 "," 557,395 "," 560,987 ",0.39%,0.06%,0.05%,0.24%,2.80%,1.82%,0.62%,1.92%,3.7,-0.38%,-0.04%,-0.30%,-0.23%
2019-08-21,2.13,103.797, -   ,105.06,-0.045,100,0.75,108.4, (48.8), 14.9 , (1.4), (2.9),1%,-38%,-39%,-907%,-2%,18%,-65%,-31%," 20,891 "," 2,707,982 "," 552,123 "," 560,945 ",0.23%,0.00%,-0.95%,-0.01%,2.98%,1.61%,-0.27%,1.87%,3.6,-0.38%,-0.04%,-0.30%,-0.23%
2019-09-21,2.04,103.873, -   ,105.29,-0.059,100.1,0.75,108.5, (44.5), 19.2 , (1.2), (3.0),-9%,28%,-16%,4%,-12%,44%,-208%,194%," 20,938 "," 2,708,110 "," 546,900 "," 560,903 ",0.23%,0.00%,-0.95%,-0.01%,3.17%,1.40%,-1.16%,1.82%,3.5,-0.38%,-0.04%,-0.30%,-0.23%
2019-10-22,1.83,104.028, -   ,105.44,-0.021,100.4,0.75,108.3, (41.3), 29.0 , 0.1 , (3.3),-7%,51%,-109%,12%,-21%,113%,-103%,-12%," 20,985 "," 2,708,238 "," 541,726 "," 560,861 ",0.23%,0.00%,-0.95%,-0.01%,3.35%,1.19%,-2.03%,1.77%,3.6,-0.38%,-0.04%,-0.30%,-0.23%
2019-11-22,1.55,104.092, -   ,105.1,-0.043,100.5,0.75,108.5, (38.8), 21.3 , (0.8), 6.0 ,-6%,-26%,-887%,-280%,-21%,11%,-88%,-236%," 20,888 "," 2,677,621 "," 542,720 "," 555,726 ",-0.47%,-1.13%,0.18%,-0.92%,2.66%,-0.16%,-1.93%,0.59%,3.6,-0.38%,-0.04%,-0.30%,-0.23%
2019-12-23,1.55,104.322, -   ,105.43,-0.038,100.5,0.75,108.5, (43.9), 24.6 , (1.5), 10.0 ,13%,15%,80%,67%,-20%,42%,194%,-271%," 20,790 "," 2,647,350 "," 543,716 "," 550,638 ",-0.47%,-1.13%,0.18%,-0.92%,1.97%,-1.50%,-1.84%,-0.57%,3.6,-0.38%,-0.04%,-0.30%,-0.23%
2020-01-17,1.55,104.488, -   ,104.37,-0.032,100.5,0.75,108.2, (43.8), 0.8 , (12.1), 4.1 ,0%,-97%,728%,-59%,-10%,-1067%,-7%,-138%," 20,693 "," 2,617,422 "," 544,714 "," 545,597 ",-0.47%,-1.13%,0.18%,-0.92%,1.28%,-2.82%,-1.74%,-1.72%,3.6,-1.23%,-0.58%,-0.73%,-1.26%
2020-02-17,1.58,104.684, -   ,104.56,-0.016,100.3,0.75,108.6, (40.9), 24.5 , 10.1 , (1.7),-7%,2974%,-184%,-141%,-14%,27%,239%,-86%," 20,133 "," 2,516,517 "," 530,340 "," 505,806 ",-2.71%,-3.86%,-2.64%,-7.29%,-1.74%,-6.68%,-4.45%,-8.98%,3.5,-1.23%,-0.58%,-0.73%,-1.26%
2020-03-19,0.65,104.596, -   ,105.13,-0.047,100.3,0.1,108.6, (43.7), 32.1 , 0.0 , 2.3 ,7%,31%,-100%,-237%,-9%,33%,-100%,-119%," 19,587 "," 2,419,502 "," 516,346 "," 468,917 ",-2.71%,-3.86%,-2.64%,-7.29%,-4.66%,-10.38%,-7.10%,-15.71%,4.4,-1.23%,-0.58%,-0.73%,-1.26%
2020-04-19,0.05,104.256, -   ,105.43,-0.036,100.2,0.1,108.5, (53.1), 2.2 , (8.8), 11.1 ,21%,-93%,-50032%,380%,7%,-86%,-1760%,-252%," 19,057 "," 2,326,227 "," 502,721 "," 434,718 ",-2.71%,-3.86%,-2.64%,-7.29%,-7.50%,-13.94%,-9.66%,-21.94%,14.8,-1.23%,-0.58%,-0.73%,-1.26%
2020-05-20,0.05,104.370, -   ,105.33,-0.047,100.1,0.1,108.5, (54.9), 8.9 , (8.1), 11.8 ,3%,307%,-8%,6%,8%,-60%,-8%,-388%," 19,542 "," 2,413,541 "," 511,660 "," 457,781 ",2.54%,3.75%,1.78%,5.31%,-5.52%,-10.76%,-8.11%,-18.00%,13.2,-1.23%,-0.58%,-0.73%,-1.26%
2020-06-20,0.08,104.531, -   ,105.69,-0.048,99.9,0.1,108.6, (49.4), 21.5 , (2.8), 5.4 ,-10%,141%,-65%,-54%,2%,4%,-152%,-535%," 20,039 "," 2,504,132 "," 520,759 "," 482,068 ",2.54%,3.75%,1.78%,5.31%,-3.49%,-7.47%,-6.52%,-13.86%,11.0,-1.23%,-0.58%,-0.73%,-1.26%
2020-07-21,0.09,104.900, -   ,105.32,-0.028,100,0.1,109.1, (59.7), 30.0 , 0.3 , 1.7 ,21%,40%,-111%,-68%,23%,25%,-113%,382%," 20,549 "," 2,598,124 "," 530,019 "," 507,643 ",2.54%,3.75%,1.78%,5.31%,-1.41%,-4.05%,-4.91%,-9.51%,10.2,-1.23%,-0.58%,-0.73%,-1.26%
2020-08-21,0.1,105.235, -   ,104.88,-0.035,100.1,0.1,108.6, (62.1), 15.6 , 2.0 , 2.3 ,4%,-48%,565%,32%,27%,5%,-242%,-179%," 20,623 "," 2,600,811 "," 533,165 "," 509,929 ",0.36%,0.10%,0.59%,0.45%,-1.28%,-3.96%,-3.43%,-9.09%,8.4,-1.23%,-0.58%,-0.73%,-1.26%
2020-09-21,0.09,105.395, -   ,104.96,-0.054,99.9,0.1,109.1, (58.2), 28.0 , 6.2 , (3.2),-6%,79%,203%,-240%,31%,46%,-614%,6%," 20,697 "," 2,603,500 "," 536,331 "," 512,225 ",0.36%,0.10%,0.59%,0.45%,-1.15%,-3.86%,-1.93%,-8.68%,7.8,-1.23%,-0.58%,-0.73%,-1.26%
2020-10-22,0.09,105.470, -   ,105.15,-0.02,99.8,0.1,109.1, (61.1), 34.1 , 8.0 , (3.7),5%,22%,29%,17%,48%,18%,7639%,12%," 20,772 "," 2,606,193 "," 539,515 "," 514,531 ",0.36%,0.10%,0.59%,0.45%,-1.02%,-3.77%,-0.41%,-8.26%,6.8,-1.23%,-0.58%,-0.73%,-1.26%
2020-11-22,0.09,105.578, -   ,104.8,-0.032,99.5,0.1,108.9, (64.7), 29.0 , 3.1 , (5.9),6%,-15%,-61%,57%,67%,36%,-484%,-197%," 20,867 "," 2,611,083 "," 540,150 "," 512,768 ",0.46%,0.19%,0.12%,-0.34%,-0.10%,-2.48%,-0.47%,-7.73%,6.7,-1.23%,-0.58%,-0.73%,-1.26%
2020-12-23,0.09,105.904, -   ,105.15,-0.026,99.3,0.1,109.2, (62.0), 33.7 , 6.8 , (9.3),-4%,16%,119%,59%,41%,37%,-568%,-193%," 20,962 "," 2,615,983 "," 540,786 "," 511,012 ",0.46%,0.19%,0.12%,-0.34%,0.83%,-1.18%,-0.54%,-7.20%,6.7,-1.23%,-0.58%,-0.73%,-1.26%
2021-01-17,0.09,106.244, -   ,105.32,-0.017,99.8,0.1,109, (62.8), 11.8 , (3.6), (2.9),1%,-65%,-152%,-69%,43%,1378%,-70%,-172%," 21,058 "," 2,620,892 "," 541,423 "," 509,261 ",0.46%,0.19%,0.12%,-0.34%,1.76%,0.13%,-0.60%,-6.66%,6.4,-1.01%,-0.43%,-0.48%,-0.45%
2021-02-17,0.08,106.477, -   ,105.54,-0.016,99.8,0.1,109.1, (66.4), 27.3 , 1.6 , (1.3),6%,132%,-144%,-57%,62%,11%,-84%,-25%," 21,168 "," 2,640,375 "," 542,224 "," 521,408 ",0.52%,0.74%,0.15%,2.39%,5.14%,4.92%,2.24%,3.08%,6.2,-1.01%,-0.43%,-0.48%,-0.45%
2021-03-20,0.07,106.898, -   ,106.53,-0.017,99.9,0.1,109.4, (66.1), 26.2 , 5.6 , 4.0 ,0%,-4%,253%,-415%,51%,-18%,31861%,72%," 21,278 "," 2,660,002 "," 543,026 "," 533,845 ",0.52%,0.74%,0.15%,2.39%,8.63%,9.94%,5.17%,13.85%,6.1,-1.01%,-0.43%,-0.48%,-0.45%
2021-04-20,0.07,107.549, -   ,107.14,-0.012,99.1,0.1,110.1, (66.5), 16.6 , 2.0 , 4.4 ,1%,-37%,-64%,10%,25%,657%,-123%,-60%," 21,389 "," 2,679,776 "," 543,830 "," 546,579 ",0.52%,0.74%,0.15%,2.39%,12.24%,15.20%,8.18%,25.73%,6.1,-1.01%,-0.43%,-0.48%,-0.45%
2021-05-21,0.06,108.103, -   ,107.42,-0.017,99.4,0.1,110.8, (66.6), 13.5 , (2.0), 6.0 ,0%,-19%,-200%,37%,21%,51%,-75%,-49%," 21,450 "," 2,696,507 "," 543,159 "," 549,687 ",0.28%,0.62%,-0.12%,0.57%,9.76%,11.72%,6.16%,20.08%,5.8,-1.01%,-0.43%,-0.48%,-0.45%
2021-06-21,0.08,108.595, -   ,107.7,-0.029,99.5,0.1,111.3, (71.5), 19.9 , 3.3 , 1.0 ,7%,48%,-264%,-83%,45%,-7%,-216%,-81%," 21,510 "," 2,713,342 "," 542,489 "," 552,813 ",0.28%,0.62%,-0.12%,0.57%,7.34%,8.35%,4.17%,14.68%,5.9,-1.01%,-0.43%,-0.48%,-0.45%
2021-07-22,0.1,109.062, -   ,107.6,-0.036,99.7,0.1,111.3, (70.0), 22.5 , 3.9 , (4.7),-2%,13%,18%,-548%,17%,-25%,1167%,-372%," 21,571 "," 2,730,283 "," 541,820 "," 555,956 ",0.28%,0.62%,-0.12%,0.57%,4.98%,5.09%,2.23%,9.52%,5.4,-1.01%,-0.43%,-0.48%,-0.45%
2021-08-22,0.09,109.436, -   ,107.98,-0.034,99.7,0.1,112.1, (73.2), 1.0 , (6.0), (4.8),5%,-96%,-255%,3%,18%,-94%,-396%,-312%," 21,700 "," 2,737,209 "," 544,121 "," 558,759 ",0.60%,0.25%,0.42%,0.50%,5.22%,5.24%,2.05%,9.58%,5.1,-1.01%,-0.43%,-0.48%,-0.45%
2021-09-22,0.08,109.657, -   ,108.49,-0.022,100.1,0.1,112.4, (77.1), 6.8 , (5.9), (5.3),5%,580%,-2%,11%,33%,-76%,-195%,68%," 21,830 "," 2,744,153 "," 546,432 "," 561,576 ",0.60%,0.25%,0.42%,0.50%,5.47%,5.40%,1.88%,9.63%,4.7,-1.01%,-0.43%,-0.48%,-0.45%
2021-10-23,0.08,110.184, -   ,109.41,-0.027,99.9,0.1,113.6, (66.9), (0.9), (0.8), 1.9 ,-13%,-114%,-86%,-136%,10%,-103%,-110%,-151%," 21,960 "," 2,751,115 "," 548,752 "," 564,407 ",0.60%,0.25%,0.42%,0.50%,5.72%,5.56%,1.71%,9.69%,4.5,-1.01%,-0.43%,-0.48%,-0.45%
2021-11-23,0.08,110.792, -   ,109.9,-0.039,100.1,0.1,114.5, (80.2), (5.6), (8.5), (0.6),20%,502%,964%,-129%,24%,-119%,-373%,-91%," 21,942 "," 2,756,039 "," 547,864 "," 565,402 ",-0.09%,0.18%,-0.16%,0.18%,5.15%,5.55%,1.43%,10.26%,4.1,-1.01%,-0.43%,-0.48%,-0.45%
2021-12-24,0.08,111.458, -   ,110.37,-0.026,100.1,0.25,115.1, (80.8), (10.7), (5.3), (2.3),1%,91%,-38%,313%,30%,-132%,-178%,-76%," 21,923 "," 2,760,973 "," 546,978 "," 566,398 ",-0.09%,0.18%,-0.16%,0.18%,4.58%,5.54%,1.14%,10.84%,3.9,-1.01%,-0.43%,-0.48%,-0.45%
2022-01-18,0.08,111.988, -   ,110.7,-0.02,100.3,0.25,114.9, (85.6), (35.1), (19.3), (17.2),6%,230%,265%,657%,36%,-398%,441%,490%," 21,904 "," 2,765,915 "," 546,092 "," 567,396 ",-0.09%,0.18%,-0.16%,0.18%,4.01%,5.53%,0.86%,11.42%,4.0,-0.45%,-0.29%,-0.46%,-0.42%
2022-02-18,0.08,112.492, -   ,111.74,-0.018,100.7,0.5,115.8, (87.1), (11.3), (6.2), (13.3),2%,-68%,-68%,-22%,31%,-141%,-489%,961%," 21,909 "," 2,773,947 "," 548,004 "," 567,560 ",0.02%,0.29%,0.35%,0.03%,3.50%,5.06%,1.07%,8.85%,3.8,-0.45%,-0.29%,-0.46%,-0.42%
2022-03-21,0.2,112.916, -   ,114.46,-0.008,101.1,0.75,117.1, (101.9), (22.9), (3.9), (14.2),17%,103%,-36%,7%,54%,-188%,-170%,-459%," 21,914 "," 2,782,002 "," 549,923 "," 567,725 ",0.02%,0.29%,0.35%,0.03%,2.99%,4.59%,1.27%,6.35%,3.6,-0.45%,-0.29%,-0.46%,-0.42%
2022-04-21,0.33,113.301, -   ,115.11,-0.012,101.5,0.75,120, (85.4), (38.2), (6.8), (12.0),-16%,67%,73%,-16%,28%,-330%,-439%,-375%," 21,919 "," 2,790,080 "," 551,848 "," 567,889 ",0.02%,0.29%,0.35%,0.03%,2.48%,4.12%,1.47%,3.90%,3.7,-0.45%,-0.29%,-0.46%,-0.42%
2022-05-22,0.77,113.709, -   ,116.07,-0.018,101.8,1.25,120.8, (84.3), (32.6), (18.4), (10.8),-1%,-15%,171%,-10%,26%,-342%,822%,-279%," 21,968 "," 2,795,649 "," 551,302 "," 567,741 ",0.22%,0.20%,-0.10%,-0.03%,2.42%,3.68%,1.50%,3.28%,3.6,-0.45%,-0.29%,-0.46%,-0.42%
2022-06-22,1.21,114.376, -   ,117.01,-0.038,101.8,1.25,121.8, (81.2), (29.1), (10.2), (11.9),-4%,-11%,-44%,11%,14%,-246%,-412%,-1244%," 22,017 "," 2,801,230 "," 550,756 "," 567,593 ",0.22%,0.20%,-0.10%,-0.03%,2.36%,3.24%,1.52%,2.67%,3.6,-0.45%,-0.29%,-0.46%,-0.42%
2022-07-23,1.68,114.638, 0.08 ,117.14,-0.012,102.3,1.25,122.5, (71.0), (36.7), (10.4), (5.2),-13%,26%,1%,-57%,2%,-263%,-367%,11%," 22,067 "," 2,806,822 "," 550,211 "," 567,445 ",0.22%,0.20%,-0.10%,-0.03%,2.30%,2.80%,1.55%,2.07%,3.5,-0.45%,-0.29%,-0.46%,-0.42%
2022-08-23,2.33,115.298, 0.50 ,117.85,-0.018,102.7,1.75,123.1, (68.5), (0.1), (20.7), (3.7),-4%,-100%,99%,-30%,-6%,-106%,242%,-24%," 22,128 "," 2,805,904 "," 550,981 "," 567,641 ",0.28%,-0.03%,0.14%,0.03%,1.97%,2.51%,1.26%,1.59%,3.6,-0.45%,-0.29%,-0.46%,-0.42%
2022-09-23,2.56,115.805, 0.93 ,119.26,-0.049,103.1,2.25,123.8, (71.2), (36.6), (14.7), (0.2),4%,65521%,-29%,-93%,-8%,-635%,149%,-95%," 22,188 "," 2,804,986 "," 551,752 "," 567,838 ",0.28%,-0.03%,0.14%,0.03%,1.64%,2.22%,0.97%,1.12%,3.5,-0.45%,-0.29%,-0.46%,-0.42%
2022-10-24,3.08,116.200, 1.25 ,121.03,-0.05,103.7,2.25,126.2, (75.3), (28.4), (14.8), 4.7 ,6%,-22%,1%,-2024%,12%,2974%,1741%,146%," 22,249 "," 2,804,068 "," 552,524 "," 568,034 ",0.28%,-0.03%,0.14%,0.03%,1.32%,1.92%,0.69%,0.64%,3.6,-0.45%,-0.29%,-0.46%,-0.42%
2022-11-24,3.78,116.554, 1.98 ,120.95,-0.067,103.9,3,126.7, (62.6), (14.4), (14.3), 1.5 ,-17%,-49%,-3%,-69%,-22%,158%,67%,-366%," 22,301 "," 2,803,936 "," 554,880 "," 568,365 ",0.23%,0.00%,0.43%,0.06%,1.64%,1.74%,1.28%,0.52%,3.6,-0.45%,-0.29%,-0.46%,-0.42%
2022-12-25,4.1,116.977, 2.18 ,120.52,-0.07,104.1,3.5,127.2, (70.8), (9.2), (10.8), (4.4),13%,-36%,-24%,-400%,-12%,-14%,104%,94%," 22,352 "," 2,803,805 "," 557,245 "," 568,696 ",0.23%,0.00%,0.43%,0.06%,1.96%,1.55%,1.88%,0.41%,3.5,-0.45%,-0.29%,-0.46%,-0.42%
2023-01-19,4.33,117.526, 2.50 ,120.27,-0.02,104.7,3.5,126.4, (70.0), (34.7), (26.9), (4.4),-1%,277%,149%,-1%,-18%,-1%,39%,-75%," 22,403 "," 2,803,673 "," 559,621 "," 569,027 ",0.23%,0.00%,0.43%,0.06%,2.28%,1.37%,2.48%,0.29%,3.4,-0.52%,-0.30%,-0.38%,-0.37%
2023-02-19,4.57,117.963, 2.88 ,121.24,-0.019,104,4,127.9, (70.5), 3.8 , (6.9), (3.8),1%,-111%,-74%,-12%,-19%,-134%,12%,-71%," 22,449 "," 2,804,066 "," 560,741 "," 569,043 ",0.20%,0.01%,0.20%,0.00%,2.46%,1.09%,2.32%,0.26%,3.6,-0.52%,-0.30%,-0.38%,-0.37%
2023-03-22,4.65,118.304, 3.16 ,122.34,-0.017,104.4,4,128.9, (60.3), 19.3 , (5.6), (4.0),-14%,404%,-19%,3%,-41%,-184%,43%,-72%," 22,494 "," 2,804,460 "," 561,863 "," 569,060 ",0.20%,0.01%,0.20%,0.00%,2.65%,0.81%,2.17%,0.24%,3.5,-0.52%,-0.30%,-0.38%,-0.37%
2023-04-22,4.83,118.715, 3.50 ,123.11,-0.015,105.1,4.25,130.4, (72.8), (12.4), (3.2), (2.0),21%,-164%,-43%,-50%,-15%,-68%,-52%,-84%," 22,539 "," 2,804,853 "," 562,988 "," 569,076 ",0.20%,0.01%,0.20%,0.00%,2.83%,0.53%,2.02%,0.21%,3.4,-0.52%,-0.30%,-0.38%,-0.37%
2023-05-23,5.06,119.063, 3.68 ,123.14,-0.051,105.1,4.5,131.3, (66.1), 0.3 , (10.1), (6.6),-9%,-103%,212%,236%,-22%,-101%,-45%,-38%," 22,620 "," 2,805,318 "," 561,061 "," 568,850 ",0.36%,0.02%,-0.34%,-0.04%,2.96%,0.35%,1.77%,0.20%,3.7,-0.52%,-0.30%,-0.38%,-0.37%
2023-06-23,5.08,119.370, 3.83 ,123.45,-0.066,105.2,5,131.5, (64.8), 18.2 , 0.3 , (3.1),-2%,5392%,-103%,-54%,-20%,-163%,-103%,-74%," 22,700 "," 2,805,783 "," 559,141 "," 568,623 ",0.36%,0.02%,-0.34%,-0.04%,3.10%,0.16%,1.52%,0.18%,3.6,-0.52%,-0.30%,-0.38%,-0.37%
2023-07-24,5.12,119.536, 4.00 ,123.32,-0.046,105.7,5,130.9, (64.6), 6.8 , (0.4), (2.2),0%,-63%,-268%,-30%,-9%,-118%,-96%,-59%," 22,781 "," 2,806,248 "," 557,227 "," 568,397 ",0.36%,0.02%,-0.34%,-0.04%,3.24%,-0.02%,1.28%,0.17%,3.5,-0.52%,-0.30%,-0.38%,-0.37%
2023-08-24,5.33,119.658, 4.24 ,124,-0.064,105.9,5.25,131.3, (59.6), 5.2 , (6.5), (2.8),-8%,-22%,1394%,32%,-13%,-9502%,-69%,-22%," 22,841 "," 2,806,686 "," 557,358 "," 567,806 ",0.26%,0.02%,0.02%,-0.10%,3.22%,0.03%,1.16%,0.03%,3.8,-0.52%,-0.30%,-0.38%,-0.37%
2023-09-24,5.33,120.040, 4.34 ,124.4,-0.054,106.2,5.25,132, (62.2), 11.0 , 0.4 , (0.1),4%,110%,-106%,-97%,-13%,-130%,-103%,-63%," 22,901 "," 2,807,125 "," 557,489 "," 567,216 ",0.26%,0.02%,0.02%,-0.10%,3.21%,0.08%,1.04%,-0.11%,3.8,-0.52%,-0.30%,-0.38%,-0.37%
2023-10-25,5.33,120.200, 4.50 ,124.51,-0.02,107.1,5.25,132, (64.3), 10.2 , (4.5), (4.2),3%,-8%,-1188%,4630%,-15%,-136%,-70%,-190%," 22,961 "," 2,807,564 "," 557,620 "," 566,626 ",0.26%,0.02%,0.02%,-0.10%,3.20%,0.12%,0.92%,-0.25%,3.8,-0.52%,-0.30%,-0.38%,-0.37%
2023-11-25,5.33,120.309, 4.50 ,123.82,-0.015,106.9,5.25,131.7, (64.8), 19.8 , (5.3), (1.4),1%,95%,18%,-68%,4%,-238%,-63%,-192%," 22,992 "," 2,810,400 "," 556,521 "," 567,979 ",0.13%,0.10%,-0.20%,0.24%,3.10%,0.23%,0.30%,-0.07%,3.7,-0.52%,-0.30%,-0.38%,-0.37%
2023-12-26,5.33,120.528, 4.50 ,124.02,-0.012,106.8,5.25,132.2, (64.9), 18.6 , 0.4 , 1.0 ,0%,-6%,-108%,-172%,-8%,-301%,-104%,-122%," 23,023 "," 2,813,240 "," 555,425 "," 569,335 ",0.13%,0.10%,-0.20%,0.24%,3.00%,0.34%,-0.33%,0.11%,3.7,-0.52%,-0.30%,-0.38%,-0.37%
2024-01-04,5.33,121.128, 4.50 ,123.58,-0.014,106.9,5.25,131.5, (66.4), 12.7 , (12.1), (0.6),2%,-32%,-3069%,-165%,-5%,-136%,-55%,-85%," 23,054 "," 2,816,083 "," 554,330 "," 570,694 ",0.13%,0.10%,-0.20%,0.24%,2.90%,0.44%,-0.95%,0.29%,3.7,-0.47%,-0.25%,-0.31%,-0.28%
2024-02-04,5.33,121.418, 4.50 ,124.35,-0.006,106.9,5.25,132.3, (68.9), 24.2 , (2.5), (0.5),4%,91%,-79%,-16%,-2%,532%,-63%,-86%," 23,110 "," 2,817,814 "," 555,758 "," 571,779 ",0.25%,0.06%,0.26%,0.19%,2.95%,0.49%,-0.89%,0.48%,3.9,-0.47%,-0.25%,-0.31%,-0.28%
2024-03-06,5.33,121.829, 4.50 ,125.29,0.022,107.2,5.25,133, (68.0), 24.8 , 2.4 , 1.3 ,-1%,3%,-197%,-345%,13%,29%,-144%,-133%," 23,167 "," 2,819,546 "," 557,190 "," 572,867 ",0.25%,0.06%,0.26%,0.19%,2.99%,0.54%,-0.83%,0.67%,3.8,-0.47%,-0.25%,-0.31%,-0.28%
2024-04-06,5.33,122.140, 4.50 ,126.01,0.077,107.7,5.25,133.5, (74.9), 15.2 , (3.0), (7.8),10%,-39%,-224%,-693%,3%,-223%,-6%,293%," 23,224 "," 2,821,279 "," 558,625 "," 573,956 ",0.25%,0.06%,0.26%,0.19%,3.04%,0.59%,-0.78%,0.86%,3.9,-0.47%,-0.25%,-0.31%,-0.28%
2024-05-07,5.33,122.239, 4.50 ,126.28,0.077,108.1,5.25,133.9, (75.3), 14.4 , (7.8), (5.8),1%,-6%,158%,-25%,14%,4234%,-22%,-13%," 23,278 "," 2,823,084 "," 558,641 "," 574,797 ",0.23%,0.06%,0.00%,0.15%,2.91%,0.63%,-0.43%,1.05%,4.0,-0.47%,-0.25%,-0.31%,-0.28%
2024-06-07,5.33,122.510, 4.25 ,126.55,0.077,108.2,5.25,134.1, (73.0), 22.6 , 1.4 , (6.5),-3%,57%,-118%,13%,13%,24%,449%,112%," 23,332 "," 2,824,889 "," 558,658 "," 575,640 ",0.23%,0.06%,0.00%,0.15%,2.78%,0.68%,-0.09%,1.23%,4.1,-0.47%,-0.25%,-0.31%,-0.28%
2024-07-08,5.33,122.718, 4.25 ,126.5,0.078,108.6,5.25,133.8, (78.9), 21.4 , (4.0), (6.1),8%,-6%,-380%,-7%,22%,216%,815%,182%," 23,386 "," 2,826,696 "," 558,674 "," 576,484 ",0.23%,0.06%,0.00%,0.15%,2.66%,0.73%,0.26%,1.42%,4.3,-0.47%,-0.25%,-0.31%,-0.28%
2024-08-08,5.33,122.910, 4.25 ,126.67,0.227,109.1,5,134.3, (70.4), 5.0 , (4.8), (1.2),-11%,-76%,19%,-80%,18%,-4%,-27%,-57%," 23,406 "," 2,828,503 "," 558,691 "," 577,329 ",0.08%,0.06%,0.00%,0.15%,2.47%,0.78%,0.24%,1.68%,4.2,-0.47%,-0.25%,-0.31%,-0.28%
2024-09-08,4.83,123.222, 3.65 ,126.56,0.227,108.9,5,134.2, (69.8), 9.8 , (3.2), (1.5),-1%,94%,-32%,20%,12%,-11%,-887%,1564%," 23,425 "," 2,830,312 "," 558,707 "," 578,175 ",0.08%,0.06%,0.00%,0.15%,2.29%,0.83%,0.22%,1.93%,4.1,-0.47%,-0.25%,-0.31%,-0.28%
2024-10-09,5.13, 123.37 , 3.40 , 126.75 ,0.227,108.3,5,134.7, (69.8), 14.8 , (8.0), (2.7),0%,52%,147%,83%,9%,46%,79%,-36%," 23,444 "," 2,832,122 "," 558,724 "," 579,023 ",0.08%,0.06%,0.00%,0.15%,2.11%,0.87%,0.20%,2.19%,4,-0.47%,-0.25%,-0.31%,-0.28%
2024-11-09, 4.38 , 123.51 , 3.40 , 126.93 , 0.23 ,107.674546, 4.50 ,135.2442379, (69.8), 19.9 , (12.7), (4.0),0%,34%,60%,45%,8%,1%,142%,192%," 23,464 "," 2,833,934 "," 558,741 "," 579,871 ",0.08%,0.06%,0.00%,0.15%,2.05%,0.84%,0.40%,2.09%,4.2,-0.47%,-0.25%,-0.31%,-0.28%
2024-12-19, 4.38 , 123.66 , 2.90 , 127.12 , 0.25 ,107.067, 4.25 ,135.7694, (68), 24 , 1.3 , (2),-3%,21%,-111%,-43%,5%,29%,228%,-329%," 23,483 "," 2,835,746 "," 558,757 "," 580,721 ",0.08%,0.06%,0.00%,0.15%,2.00%,0.80%,0.60%,2.00%,4.4,-0.47%,-0.25%,-0.31%,-0.28%
2025-01-01, 4.38 , 123.89 , 2.90 , 127.35 , 0.25 ,107.1070676, 4.25 ,136.0158354, (79), 27 , 1 , (2),16%,12%,-25%,-11%,19%,113%,-108%,213%," 23,522 "," 2,838,800 "," 559,221 "," 581,155 ",0.17%,0.11%,0.08%,0.07%,2.03%,0.81%,0.88%,1.83%,4.4,-0.51%,-0.23%,-0.30%,-0.24%
2025-02-01, 4.13 , 124.11 , 2.65 , 127.58 , 0.25 ,107.1471501, 4.25 ,136.2627182, (69), 27 , 1 , (2),-13%,0%,0%,0%,0%,12%,-140%,274%," 23,561 "," 2,841,857 "," 559,685 "," 581,589 ",0.17%,0.11%,0.08%,0.07%,1.95%,0.85%,0.71%,1.72%,4.4,-0.51%,-0.23%,-0.30%,-0.24%
2025-03-04, 4.13 , 124.34 , 2.65 , 127.81 , 0.25 ,107.1872476, 4.00 ,136.510049, (80), 28 , 0.7 , (2),16%,5%,-33%,19%,18%,15%,-73%,-281%," 23,600 "," 2,844,917 "," 560,149 "," 582,024 ",0.17%,0.11%,0.08%,0.07%,1.87%,0.90%,0.53%,1.60%,4.4,-0.51%,-0.23%,-0.30%,-0.24%
2025-04-04, 3.88 , 124.56 , 2.40 , 128.05 , 0.25 ,107.2273602, 4.00 ,136.7578288, (84), 20 , (2), (4),5%,-30%,-398%,69%,12%,31%,-34%,-48%," 23,638 "," 2,847,981 "," 560,614 "," 582,458 ",0.17%,0.11%,0.08%,0.07%,1.79%,0.95%,0.36%,1.48%,4.4,-0.51%,-0.23%,-0.30%,-0.24%
2025-05-05, 3.88 , 124.79 , 2.40 , 128.28 , 0.25 ,107.2674878, 4.00 ,137.0060584, (81), 27 , (1), (3),-4%,35%,-50%,-25%,8%,88%,-87%,-48%," 23,678 "," 2,851,048 "," 561,079 "," 582,893 ",0.17%,0.11%,0.08%,0.07%,1.72%,0.99%,0.44%,1.41%,4.4,-0.51%,-0.23%,-0.30%,-0.24%
2025-06-05, 3.63 , 125.01 , 2.40 , 128.51 , 0.25 ,107.3076303, 3.75 ,137.2547385, (84), 17 , (2.7), (5),4%,-35%,168%,80%,15%,-23%,-289%,-17%," 23,717 "," 2,854,119 "," 561,544 "," 583,329 ",0.17%,0.11%,0.08%,0.07%,1.65%,1.03%,0.52%,1.34%,4.4,-0.51%,-0.23%,-0.30%,-0.24%
2025-07-06, 3.38 , 125.24 , 2.40 , 128.74 , 0.35 ,107.3477879, 3.75 ,137.50387, (75), 18 , (2), (4),-11%,3%,-25%,-26%,-5%,-16%,-50%,-34%," 23,756 "," 2,857,192 "," 562,010 "," 583,765 ",0.17%,0.11%,0.08%,0.07%,1.58%,1.08%,0.60%,1.26%,4.4,-0.51%,-0.23%,-0.30%,-0.24%
2025-08-06, 3.38 , 125.47 , 2.40 , 128.98 , 0.35 ,107.3879606, 3.75 ,137.7534536, (77), 18 , (2), (4),3%,0%,0%,0%,9%,257%,-58%,224%," 23,795 "," 2,860,269 "," 562,476 "," 584,201 ",0.17%,0.11%,0.08%,0.07%,1.66%,1.12%,0.68%,1.19%,4.4,-0.51%,-0.23%,-0.30%,-0.24%
2025-09-06, 3.38 , 125.70 , 2.40 , 129.21 , 0.35 ,107.4281482, 3.50 ,138.0034903, (73), 17 , (2.7), (4),-5%,-3%,34%,-11%,5%,78%,-17%,139%," 23,834 "," 2,863,350 "," 562,943 "," 584,637 ",0.17%,0.11%,0.08%,0.07%,1.75%,1.17%,0.76%,1.12%,4.4,-0.51%,-0.23%,-0.30%,-0.24%
2025-10-07, 3.38 , 125.92 , 2.15 , 129.45 , 0.35 ,107.4683509, 3.50 ,138.2539809, (68), 18 , 1 , (3),-7%,3%,-137%,-16%,-3%,21%,-113%,10%," 23,874 "," 2,866,433 "," 563,410 "," 585,074 ",0.17%,0.11%,0.08%,0.07%,1.83%,1.21%,0.84%,1.05%,4.4,-0.51%,-0.23%,-0.30%,-0.24%
2025-11-07, 3.38 , 126.15 , 2.15 , 129.68 , 0.35 ,107.5085687, 3.50 ,138.5049261, (72), 21 , (1), (3),6%,17%,-200%,0%,3%,6%,-92%,-24%," 23,913 "," 2,869,520 "," 563,877 "," 585,511 ",0.17%,0.11%,0.08%,0.07%,1.92%,1.26%,0.92%,0.97%,4.4,-0.51%,-0.23%,-0.30%,-0.24%
2025-12-08, 3.38 , 126.38 , 2.15 , 129.92 , 0.35 ,107.5488015, 3.50 ,138.7563268, (68), 24 , 1 , (2),-6%,14%,-234%,-25%,0%,0%,0%,0%," 23,953 "," 2,872,611 "," 564,345 "," 585,948 ",0.17%,0.11%,0.08%,0.07%,2.00%,1.30%,1.00%,0.90%,4.4,-0.51%,-0.23%,-0.30%,-0.24%
2026-01-08, 3.38 , 126.59 , 2.15 , 130.12 , 0.45 ,107.6024286, 3.50 ,138.9399922, (79), 27 , 1 , (2),16%,12%,-25%,-11%,0%,0%,0%,0%," 23,992 "," 2,876,177 "," 564,813 "," 586,675 ",0.17%,0.12%,0.08%,0.12%,2.00%,1.32%,1.00%,0.95%,4.3,-0.50%,-0.24%,-0.29%,-0.20%
2026-02-08, 3.13 , 126.80 , 2.15 , 130.33 , 0.45 ,107.6560824, 3.50 ,139.1239007, (69), 27 , 1 , (2),-13%,0%,0%,0%,0%,0%,0%,0%," 24,032 "," 2,879,748 "," 565,281 "," 587,404 ",0.17%,0.12%,0.08%,0.12%,2.00%,1.33%,1.00%,1.00%,4.3,-0.50%,-0.24%,-0.29%,-0.20%
2026-03-11, 3.13 , 127.01 , 2.15 , 130.53 , 0.45 ,107.709763, 3.50 ,139.3080527, (80), 28 , 1 , (2),16%,5%,-33%,19%,0%,0%,0%,0%," 24,072 "," 2,883,323 "," 565,750 "," 588,133 ",0.17%,0.12%,0.08%,0.12%,2.00%,1.35%,1.00%,1.05%,4.3,-0.50%,-0.24%,-0.29%,-0.20%
2026-04-11, 2.88 , 127.22 , 2.15 , 130.73 , 0.45 ,107.7634703, 3.50 ,139.4924484, (84), 20 , (2), (4),5%,-30%,-398%,69%,0%,0%,0%,0%," 24,111 "," 2,886,902 "," 566,220 "," 588,863 ",0.17%,0.12%,0.08%,0.12%,2.00%,1.37%,1.00%,1.10%,4.3,-0.50%,-0.24%,-0.29%,-0.20%
2026-05-12, 2.88 , 127.43 , 2.15 , 130.94 , 0.45 ,107.8172045, 3.50 ,139.6770882, (81), 27 , (1), (3),-4%,35%,-50%,-25%,0%,0%,0%,0%," 24,151 "," 2,890,486 "," 566,689 "," 589,594 ",0.17%,0.12%,0.08%,0.12%,2.00%,1.38%,1.00%,1.15%,4.3,-0.50%,-0.24%,-0.29%,-0.20%
2026-06-12, 2.88 , 127.64 , 2.15 , 131.15 , 0.55 ,107.8709654, 3.50 ,139.8619724, (84), 17 , (3), (5),4%,-35%,168%,80%,0%,0%,0%,0%," 24,191 "," 2,894,075 "," 567,159 "," 590,326 ",0.17%,0.12%,0.08%,0.12%,2.00%,1.40%,1.00%,1.20%,4.3,-0.50%,-0.24%,-0.29%,-0.20%
2026-07-13, 2.88 , 127.85 , 2.15 , 131.35 , 0.55 ,107.9247531, 3.50 ,140.0471013, (75), 18 , (2), (4),-11%,3%,-25%,-26%,0%,0%,0%,0%," 24,231 "," 2,897,668 "," 567,630 "," 591,059 ",0.17%,0.12%,0.08%,0.12%,2.00%,1.42%,1.00%,1.25%,4.3,-0.50%,-0.24%,-0.29%,-0.20%
2026-08-13, 2.88 , 128.06 , 2.15 , 131.56 , 0.55 ,107.9785677, 3.50 ,140.2324752, (77), 18 , (2), (4),3%,0%,0%,0%,0%,0%,0%,0%," 24,271 "," 2,901,265 "," 568,101 "," 591,793 ",0.17%,0.12%,0.08%,0.12%,2.00%,1.43%,1.00%,1.30%,4.3,-0.50%,-0.24%,-0.29%,-0.20%
2026-09-13, 2.88 , 128.27 , 2.00 , 131.76 , 0.55 ,108.032409, 3.50 ,140.4180946, (73), 17 , (3), (4),-5%,-3%,34%,-11%,0%,0%,0%,0%," 24,311 "," 2,904,867 "," 568,572 "," 592,528 ",0.17%,0.12%,0.08%,0.12%,2.00%,1.45%,1.00%,1.35%,4.3,-0.50%,-0.24%,-0.29%,-0.20%
2026-10-14, 2.88 , 128.49 , 2.00 , 131.97 , 0.55 ,108.0862773, 3.50 ,140.6039596, (68), 18 , 1 , (3),-7%,3%,-137%,-16%,0%,0%,0%,0%," 24,351 "," 2,908,474 "," 569,044 "," 593,263 ",0.17%,0.12%,0.08%,0.12%,2.00%,1.47%,1.00%,1.40%,4.3,-0.50%,-0.24%,-0.29%,-0.20%
2026-11-14, 2.88 , 128.70 , 2.00 , 132.18 , 0.55 ,108.1401723, 3.50 ,140.7900706, (72), 21 , (1), (3),6%,17%,-200%,0%,0%,0%,0%,0%," 24,391 "," 2,912,084 "," 569,516 "," 594,000 ",0.17%,0.12%,0.08%,0.12%,2.00%,1.48%,1.00%,1.45%,4.3,-0.50%,-0.24%,-0.29%,-0.20%
2026-12-15, 2.88 , 128.91 , 2.00 , 132.39 , 0.55 ,108.1940943, 3.50 ,140.976428, (68), 24 , 1 , (2),-6%,14%,-234%,-25%,0%,0%,0%,0%," 24,432 "," 2,915,700 "," 569,988 "," 594,737 ",0.17%,0.12%,0.08%,0.12%,2.00%,1.50%,1.00%,1.50%,4.3,-0.50%,-0.24%,-0.29%,-0.20%